CRF_NAME,SECTION_NAME,SECTION_INDEX,OBSERVATION_CODE,OBS_INDEX,AFD_PATTERN_KEY,IS_CHECKBOX,ACTIVE
PRIMARY_IRECIST,IMAGE_QUALITY,0,IMAGE_QUALITY_ISSUES_FLAG,0,imageQualityAssessments.imageQualityAssessmentList[0].hasIssues,N,Y
PRIMARY_IRECIST,IMAGE_QUALITY,0,IMAGE_QUALITY_ISSUES_FLAG,0,imageQualityAssessments.imageQualityAssessmentList[0].hasIssues,N,Y
PRIMARY_IRECIST,IMAGE_QUALITY,0,IMAGE_QUALITY_ISSUES_QUESTION,1,imageQualityAssessments.imageQualityAssessmentList[0].issues[0].question,Y,Y
PRIMARY_IRECIST,IMAGE_QUALITY,0,IMAGE_QUALITY_ISSUES_VALUE,1,imageQualityAssessments.imageQualityAssessmentList[0].issues[0].value,Y,Y
PRIMARY_IRECIST,IMAGE_QUALITY,0,IMAGE_QUALITY_ISSUE_1_QUESTION,1,imageQualityAssessments.imageQualityAssessmentList[0].issues[0].question,Y,Y
PRIMARY_IRECIST,IMAGE_QUALITY,0,IMAGE_QUALITY_ISSUE_1_VALUE,1,imageQualityAssessments.imageQualityAssessmentList[0].issues[0].value,Y,Y
PRIMARY_IRECIST,IMAGE_QUALITY,0,IMAGE_QUALITY_COMMENTS,2,imageQualityAssessments.imageQualityAssessmentList[0].imageQualityComments,N,Y
PRIMARY_IRECIST,IMAGE_QUALITY,0,IMAGE_QUALITY_ISSUE_2_QUESTION,2,imageQualityAssessments.imageQualityAssessmentList[0].issues[0].question,Y,Y
PRIMARY_IRECIST,IMAGE_QUALITY,0,IMAGE_QUALITY_ISSUE_2_VALUE,2,imageQualityAssessments.imageQualityAssessmentList[0].issues[0].value,Y,Y
PRIMARY_IRECIST,IMAGE_QUALITY,0,IMAGE_QUALITY_ISSUE_3_QUESTION,3,imageQualityAssessments.imageQualityAssessmentList[0].issues[0].question,Y,Y
PRIMARY_IRECIST,IMAGE_QUALITY,0,IMAGE_QUALITY_ISSUE_3_VALUE,3,imageQualityAssessments.imageQualityAssessmentList[0].issues[0].value,Y,Y
PRIMARY_IRECIST,IMAGE_QUALITY,0,IMAGE_QUALITY_ISSUE_4_QUESTION,4,imageQualityAssessments.imageQualityAssessmentList[0].issues[0].question,Y,Y
PRIMARY_IRECIST,IMAGE_QUALITY,0,IMAGE_QUALITY_ISSUE_4_VALUE,4,imageQualityAssessments.imageQualityAssessmentList[0].issues[0].value,Y,Y
PRIMARY_IRECIST,IMAGE_QUALITY,0,IMAGE_QUALITY_ISSUE_5_QUESTION,5,imageQualityAssessments.imageQualityAssessmentList[0].issues[0].question,Y,Y
PRIMARY_IRECIST,IMAGE_QUALITY,0,IMAGE_QUALITY_ISSUE_5_VALUE,5,imageQualityAssessments.imageQualityAssessmentList[0].issues[0].value,Y,Y
PRIMARY_IRECIST,IMAGE_QUALITY,0,IMAGE_QUALITY_ISSUE_6_QUESTION,6,imageQualityAssessments.imageQualityAssessmentList[0].issues[0].question,Y,Y
PRIMARY_IRECIST,IMAGE_QUALITY,0,IMAGE_QUALITY_ISSUE_6_VALUE,6,imageQualityAssessments.imageQualityAssessmentList[0].issues[0].value,Y,Y
PRIMARY_IRECIST,IMAGE_QUALITY,0,IMAGE_QUALITY_ISSUE_COMMENTS,7,imageQualityAssessments.imageQualityAssessmentList[0].imageQualityComments,N,Y
PRIMARY_IRECIST,RECIST11_NON_NODAL_TARGET_LESIONS,1,LESION_ID,0,measuredNonNodalLesions[1].name,N,Y
PRIMARY_IRECIST,RECIST11_NON_NODAL_TARGET_LESIONS,1,LDIAM,1,measuredNonNodalLesions[1].overlay.length,N,Y
PRIMARY_IRECIST,RECIST11_NON_NODAL_TARGET_LESIONS,1,MEASUREMENT_UNITS,2,measuredNonNodalLesions[1].overlay.units,N,Y
PRIMARY_IRECIST,RECIST11_NON_NODAL_TARGET_LESIONS,1,OVERLAY_IMAGE_RECID,3,measuredNonNodalLesions[1].overlay.imageRecID,N,Y
PRIMARY_IRECIST,RECIST11_NON_NODAL_TARGET_LESIONS,1,OVERLAY_IMAGE_SERIES,4,measuredNonNodalLesions[1].overlay.imageTitle,N,Y
PRIMARY_IRECIST,RECIST11_NON_NODAL_TARGET_LESIONS,1,OVERLAY_IMAGE_SLICE_NO,5,measuredNonNodalLesions[1].overlay.sliceNumber,N,Y
PRIMARY_IRECIST,RECIST11_NON_NODAL_TARGET_LESIONS,1,LESION_LOCATION,6,measuredNonNodalLesions[1].location,N,Y
PRIMARY_IRECIST,RECIST11_NON_NODAL_TARGET_LESIONS,1,LESION_LOCATION_DESCRIPTION,7,measuredNonNodalLesions[1].locationDescription,N,Y
PRIMARY_IRECIST,RECIST11_NON_NODAL_TARGET_LESIONS,1,REASON_NOT_MEASURED,8,measuredNonNodalLesions[1].reasonNoOverlay,N,Y
PRIMARY_IRECIST,RECIST11_NON_NODAL_TARGET_LESIONS,1,CORRESPONDING_IMAGE_RECID,9,measuredNonNodalLesions[1].imageRecId,N,Y
PRIMARY_IRECIST,RECIST11_NON_NODAL_TARGET_LESIONS,1,CORRESPONDING_IMAGE_SERIES,10,measuredNonNodalLesions[1].imageName,N,Y
PRIMARY_IRECIST,RECIST11_NON_NODAL_TARGET_LESIONS,1,REASON_NOT_EVALUABLE_QUESTION,11,measuredNonNodalLesions[1].lesionReasonNotEvaluableIssues[0].question,Y,Y
PRIMARY_IRECIST,RECIST11_NON_NODAL_TARGET_LESIONS,1,REASON_NOT_EVALUABLE_VALUE,11,measuredNonNodalLesions[1].lesionReasonNotEvaluableIssues[0].value,Y,Y
PRIMARY_IRECIST,RECIST11_NON_NODAL_TARGET_LESIONS,1,REASON_NOT_EVALUABLE_COMMENT,12,measuredNonNodalLesions[1].unknownComments,N,Y
PRIMARY_IRECIST,RECIST11_NON_NODAL_TARGET_LESIONS,1,LESION_COMMENTS,13,measuredNonNodalLesions[1].comments,N,Y
PRIMARY_IRECIST,RECIST11_NODAL_TARGET_LESIONS,2,LESION_ID,0,measuredNodalLesions[2].name,N,Y
PRIMARY_IRECIST,RECIST11_NODAL_TARGET_LESIONS,2,LPERP,1,measuredNodalLesions[2].overlay.orthogonalLength,N,Y
PRIMARY_IRECIST,RECIST11_NODAL_TARGET_LESIONS,2,MEASUREMENT_UNITS,2,measuredNodalLesions[2].overlay.units,N,Y
PRIMARY_IRECIST,RECIST11_NODAL_TARGET_LESIONS,2,OVERLAY_IMAGE_RECID,3,measuredNodalLesions[2].overlay.imageRecID,N,Y
PRIMARY_IRECIST,RECIST11_NODAL_TARGET_LESIONS,2,OVERLAY_IMAGE_SERIES,4,measuredNodalLesions[2].overlay.imageTitle,N,Y
PRIMARY_IRECIST,RECIST11_NODAL_TARGET_LESIONS,2,OVERLAY_IMAGE_SLICE_NO,5,measuredNodalLesions[2].overlay.sliceNumber,N,Y
PRIMARY_IRECIST,RECIST11_NODAL_TARGET_LESIONS,2,LESION_LOCATION,6,measuredNodalLesions[2].location,N,Y
PRIMARY_IRECIST,RECIST11_NODAL_TARGET_LESIONS,2,LESION_LOCATION_DESCRIPTION,7,measuredNodalLesions[2].locationDescription,N,Y
PRIMARY_IRECIST,RECIST11_NODAL_TARGET_LESIONS,2,REASON_NOT_MEASURED,8,measuredNodalLesions[2].reasonNoOverlay,N,Y
PRIMARY_IRECIST,RECIST11_NODAL_TARGET_LESIONS,2,CORRESPONDING_IMAGE_RECID,9,measuredNodalLesions[2].imageRecID,N,Y
PRIMARY_IRECIST,RECIST11_NODAL_TARGET_LESIONS,2,CORRESPONDING_IMAGE_SERIES,10,measuredNodalLesions[2].imageName,N,Y
PRIMARY_IRECIST,RECIST11_NODAL_TARGET_LESIONS,2,REASON_NOT_EVALUABLE_QUESTION,11,measuredNodalLesions[2].lesionReasonNotEvaluableIssues[0].question,Y,Y
PRIMARY_IRECIST,RECIST11_NODAL_TARGET_LESIONS,2,REASON_NOT_EVALUABLE_VALUE,11,measuredNodalLesions[2].lesionReasonNotEvaluableIssues[0].value,Y,Y
PRIMARY_IRECIST,RECIST11_NODAL_TARGET_LESIONS,2,REASON_NOT_EVALUABLE_COMMENT,12,measuredNodalLesions[2].unknownComments,N,Y
PRIMARY_IRECIST,RECIST11_NODAL_TARGET_LESIONS,2,LESION_COMMENTS,13,measuredNodalLesions[2].comments,N,Y
PRIMARY_IRECIST,RECIST11_LESION_CALCULATIONS,3,SUMDIAM,0,calculations.sum,N,Y
PRIMARY_IRECIST,RECIST11_LESION_CALCULATIONS,3,SUMNLNLD,1,calculations.sumNonNodalDiameters,N,Y
PRIMARY_IRECIST,RECIST11_LESION_CALCULATIONS,3,ACBSD,2,calculations.actualChangeFromBaseline,N,Y
PRIMARY_IRECIST,RECIST11_LESION_CALCULATIONS,3,PCBSD,3,calculations.percentageChangeFromBaseline,N,Y
PRIMARY_IRECIST,RECIST11_LESION_CALCULATIONS,3,ACNSD,4,calculations.actualChangeFromNadir,N,Y
PRIMARY_IRECIST,RECIST11_LESION_CALCULATIONS,3,PCNSD,5,calculations.percentageChangeFromNadir,N,Y
PRIMARY_IRECIST,RECIST11_LESION_CALCULATIONS,3,NADIR_TIMEPOINT,6,calculations.timepointUsedForNadir,N,Y
PRIMARY_IRECIST,RECIST11_TARGET_ASSESSMENTS,4,TRGRESP,0,overallMeasuredLesionAssessment.value,N,Y
PRIMARY_IRECIST,RECIST11_TARGET_ASSESSMENTS,4,TARGET_NE_COMMENTS,1,overallMeasuredLesionAssessment.unknownComments,N,Y
PRIMARY_IRECIST,RECIST11_TARGET_ASSESSMENTS,4,TARGET_ASSESSMENT_COMMENTS,2,overallMeasuredLesionAssessment.comments,N,Y
PRIMARY_IRECIST,IRECIST_TARGET_CALCULATIONS_SINCE_IUPD,6,ACUPDSD,7,calculations.actualChangeOfSumOfDiametersFromIupd,N,Y
PRIMARY_IRECIST,IRECIST_TARGET_CALCULATIONS_SINCE_IUPD,6,UPD_TIMEPOINT,8,calculations.timpointUsedAsRelevantIupd,N,Y
PRIMARY_IRECIST,IRECIST_TARGET_LESIONS_ASSESSMENT,7,IRECIST_TRGRESP,0,irecistOverallMeasuredLesionAssessment.value,N,Y
PRIMARY_IRECIST,IRECIST_TARGET_LESIONS_ASSESSMENT,7,IRECIST_TARGET_ASSESSMENT_COMMENTS,1,irecistOverallMeasuredLesionAssessment.comments,N,Y
PRIMARY_IRECIST,IRECIST_TARGET_LESIONS_ASSESSMENT_SOFT_EDIT_CHECKS,8,IRECIST_TARGET_OVERRIDE_REASONS_QUESTION,0,irecistOverallMeasuredAssessmentSoftEditCheckOverride.overrideReasons[0].question,Y,Y
PRIMARY_IRECIST,IRECIST_TARGET_LESIONS_ASSESSMENT_SOFT_EDIT_CHECKS,8,IRECIST_TARGET_OVERRIDE_REASONS_VALUE,0,irecistOverallMeasuredAssessmentSoftEditCheckOverride.overrideReasons[0].value,Y,Y
PRIMARY_IRECIST,IRECIST_TARGET_LESIONS_ASSESSMENT_SOFT_EDIT_CHECKS,8,IRECIST_TARGET_OVERRIDE_COMMENTS,1,irecistOverallMeasuredAssessmentSoftEditCheckOverride.comments,N,Y
PRIMARY_IRECIST,RECIST11_NON_TARGET_LESIONS,9,LESION_ID,0,nonMeasuredLesions[9].name,N,Y
PRIMARY_IRECIST,RECIST11_NON_TARGET_LESIONS,9,OVERLAY_IMAGE_RECID,1,nonMeasuredLesions[9].overlay.imageRecID,N,Y
PRIMARY_IRECIST,RECIST11_NON_TARGET_LESIONS,9,OVERLAY_IMAGE_SERIES,2,nonMeasuredLesions[9].overlay.imageTitle,N,Y
PRIMARY_IRECIST,RECIST11_NON_TARGET_LESIONS,9,OVERLAY_IMAGE_SLICE_NO,3,nonMeasuredLesions[9].overlay.sliceNumber,N,Y
PRIMARY_IRECIST,RECIST11_NON_TARGET_LESIONS,9,LESION_LOCATION,4,nonMeasuredLesions[9].location,N,Y
PRIMARY_IRECIST,RECIST11_NON_TARGET_LESIONS,9,LESION_LOCATION_DESCRIPTION,5,nonMeasuredLesions[9].locationDescription,N,Y
PRIMARY_IRECIST,RECIST11_NON_TARGET_LESIONS,9,LESION_ASSESSMENT,6,nonMeasuredLesions[9].assessment,N,Y
PRIMARY_IRECIST,RECIST11_NON_TARGET_LESIONS,9,CORRESPONDING_IMAGE_RECID,7,nonMeasuredLesions[9].imageRecId,N,Y
PRIMARY_IRECIST,RECIST11_NON_TARGET_LESIONS,9,CORRESPONDING_IMAGE_SERIES,8,nonMeasuredLesions[9].imageName,N,Y
PRIMARY_IRECIST,RECIST11_NON_TARGET_LESIONS,9,REASON_NOT_EVALUABLE_QUESTION,9,nonMeasuredLesions[9].lesionReasonNotEvaluableIssues[0].question,Y,Y
PRIMARY_IRECIST,RECIST11_NON_TARGET_LESIONS,9,REASON_NOT_EVALUABLE_VALUE,9,nonMeasuredLesions[9].lesionReasonNotEvaluableIssues[0].value,Y,Y
PRIMARY_IRECIST,RECIST11_NON_TARGET_LESIONS,9,REASON_NOT_EVALUABLE_COMMENT,10,nonMeasuredLesions[9].unknownComments,N,Y
PRIMARY_IRECIST,RECIST11_NON_TARGET_LESIONS,9,LESION_COMMENTS,11,nonMeasuredLesions[9].comments,N,Y
PRIMARY_IRECIST,RECIST11_NON_TARGET_ASSESSMENT_SOFT_EDIT_CHECKS,11,NT_OVERRIDE_REASONS_QUESTION,0,overallNonMeasuredAssessmentSoftEditCheckOverride.overrideReasons[0].question,Y,Y
PRIMARY_IRECIST,RECIST11_NON_TARGET_ASSESSMENT_SOFT_EDIT_CHECKS,11,NT_OVERRIDE_REASONS_VALUE,0,overallNonMeasuredAssessmentSoftEditCheckOverride.overrideReasons[0].value,Y,Y
PRIMARY_IRECIST,RECIST11_NON_TARGET_ASSESSMENT_SOFT_EDIT_CHECKS,11,NT_OVERRIDE_COMMENTS,1,overallNonMeasuredAssessmentSoftEditCheckOverride.comments,N,Y
PRIMARY_IRECIST,IRECIST_NON_TARGET_LESIONS_ASSESSMENT,12,IRECIST_NTRGRESP,0,irecistOverallNonMeasuredLesionAssessment.value,N,Y
PRIMARY_IRECIST,IRECIST_NON_TARGET_LESIONS_ASSESSMENT,12,IRECIST_NT_ASSESSMENT_COMMENTS,1,irecistOverallNonMeasuredLesionAssessment.comments,N,Y
PRIMARY_IRECIST,IRECIST_NON_TARGET_LESIONS_ASSESSMENT_SOFT_EDIT_CHECKS,13,IRECIST_NT_OVERRIDE_REASONS_QUESTION,0,irecistOverallNonMeasuredAssessmentSoftEditCheckOverride.overrideReasons[0].question,Y,Y
PRIMARY_IRECIST,IRECIST_NON_TARGET_LESIONS_ASSESSMENT_SOFT_EDIT_CHECKS,13,IRECIST_NT_OVERRIDE_REASONS_VALUE,0,irecistOverallNonMeasuredAssessmentSoftEditCheckOverride.overrideReasons[0].value,Y,Y
PRIMARY_IRECIST,IRECIST_NON_TARGET_LESIONS_ASSESSMENT_SOFT_EDIT_CHECKS,13,IRECIST_NT_OVERRIDE_COMMENTS,1,irecistOverallNonMeasuredAssessmentSoftEditCheckOverride.comments,N,Y
PRIMARY_IRECIST,IRECIST_PREVNEW_TARGET_NON_NODAL_LESIONS,14,LESION_ID,0,previousNewNonNodalLesions[14].name,N,Y
PRIMARY_IRECIST,IRECIST_PREVNEW_TARGET_NON_NODAL_LESIONS,14,FIRST_TP_NAME,1,previousNewNonNodalLesions[14].firstMeasuredTimepoint.blindedName,N,Y
PRIMARY_IRECIST,IRECIST_PREVNEW_TARGET_NON_NODAL_LESIONS,14,LDIAM,2,previousNewNonNodalLesions[14].overlay.length,N,Y
PRIMARY_IRECIST,IRECIST_PREVNEW_TARGET_NON_NODAL_LESIONS,14,MEASUREMENT_UNITS,3,previousNewNonNodalLesions[14].overlay.units,N,Y
PRIMARY_IRECIST,IRECIST_PREVNEW_TARGET_NON_NODAL_LESIONS,14,LESION_LOCATION,4,previousNewNonNodalLesions[14].location,N,Y
PRIMARY_IRECIST,IRECIST_PREVNEW_TARGET_NON_NODAL_LESIONS,14,locationDescription,5,previousNewNonNodalLesions[14].locationDescription,N,Y
PRIMARY_IRECIST,IRECIST_PREVNEW_TARGET_NON_NODAL_LESIONS,14,OVERLAY_IMAGE_RECID,6,previousNewNonNodalLesions[14].overlay.imageRecID,N,Y
PRIMARY_IRECIST,IRECIST_PREVNEW_TARGET_NON_NODAL_LESIONS,14,OVERLAY_IMAGE_SERIES,7,previousNewNonNodalLesions[14].overlay.imageTitle,N,Y
PRIMARY_IRECIST,IRECIST_PREVNEW_TARGET_NON_NODAL_LESIONS,14,OVERLAY_IMAGE_SLICE_NO,8,previousNewNonNodalLesions[14].overlay.sliceNumber,N,Y
PRIMARY_IRECIST,IRECIST_PREVNEW_TARGET_NON_NODAL_LESIONS,14,REASON_NOT_MEASURED,9,previousNewNonNodalLesions[14].reasonNoOverlay,N,Y
PRIMARY_IRECIST,IRECIST_PREVNEW_TARGET_NON_NODAL_LESIONS,14,CORRESPONDING_IMAGE_RECID,10,previousNewNonNodalLesions[14].imageRecId,N,Y
PRIMARY_IRECIST,IRECIST_PREVNEW_TARGET_NON_NODAL_LESIONS,14,CORRESPONDING_IMAGE_SERIES,11,previousNewNonNodalLesions[14].imageName,N,Y
PRIMARY_IRECIST,IRECIST_PREVNEW_TARGET_NON_NODAL_LESIONS,14,REASON_NOT_EVALUABLE_QUESTION,12,previousNewNonNodalLesions[14].lesionReasonNotEvaluableIssues[0].question,Y,Y
PRIMARY_IRECIST,IRECIST_PREVNEW_TARGET_NON_NODAL_LESIONS,14,REASON_NOT_EVALUABLE_VALUE,12,previousNewNonNodalLesions[14].lesionReasonNotEvaluableIssues[0].value,Y,Y
PRIMARY_IRECIST,IRECIST_PREVNEW_TARGET_NON_NODAL_LESIONS,14,REASON_NOT_EVALUABLE_COMMENT,13,previousNewNonNodalLesions[14].unknownComments,N,Y
PRIMARY_IRECIST,IRECIST_PREVNEW_TARGET_NON_NODAL_LESIONS,14,LESION_COMMENTS,14,previousNewNonNodalLesions[14].comments,N,Y
PRIMARY_IRECIST,IRECIST_NEW_TARGET_NON_NODAL_LESIONS,15,LESION_ID,0,newMeasuredNonNodalLesions[15].name,N,Y
PRIMARY_IRECIST,IRECIST_NEW_TARGET_NON_NODAL_LESIONS,15,LDIAM,1,newMeasuredNonNodalLesions[15].overlay.length,N,Y
PRIMARY_IRECIST,IRECIST_NEW_TARGET_NON_NODAL_LESIONS,15,MEASUREMENT_UNITS,2,newMeasuredNonNodalLesions[15].overlay.units,N,Y
PRIMARY_IRECIST,IRECIST_NEW_TARGET_NON_NODAL_LESIONS,15,OVERLAY_IMAGE_RECID,3,newMeasuredNonNodalLesions[15].overlay.imageRecID,N,Y
PRIMARY_IRECIST,IRECIST_NEW_TARGET_NON_NODAL_LESIONS,15,OVERLAY_IMAGE_SERIES,4,newMeasuredNonNodalLesions[15].overlay.imageTitle,N,Y
PRIMARY_IRECIST,IRECIST_NEW_TARGET_NON_NODAL_LESIONS,15,OVERLAY_IMAGE_SLICE_NO,5,newMeasuredNonNodalLesions[15].overlay.sliceNumber,N,Y
PRIMARY_IRECIST,IRECIST_NEW_TARGET_NON_NODAL_LESIONS,15,LESION_LOCATION,6,newMeasuredNonNodalLesions[15].location,N,Y
PRIMARY_IRECIST,IRECIST_NEW_TARGET_NON_NODAL_LESIONS,15,LESION_LOCATION_DESCRIPTION,7,newMeasuredNonNodalLesions[15].locationDescription,N,Y
PRIMARY_IRECIST,IRECIST_NEW_TARGET_NON_NODAL_LESIONS,15,LESION_COMMENTS,8,newMeasuredNonNodalLesions[15].comments,N,Y
PRIMARY_IRECIST,IRECIST_PREVNEW_TARGET_NODAL_LESIONS,16,LESION_ID,0,previousNewNodalLesions[16].name,N,Y
PRIMARY_IRECIST,IRECIST_PREVNEW_TARGET_NODAL_LESIONS,16,FIRST_TP_NAME,1,previousNewNodalLesions[16].firstMeasuredTimepoint.blindedName,N,Y
PRIMARY_IRECIST,IRECIST_PREVNEW_TARGET_NODAL_LESIONS,16,LDIAM,2,previousNewNodalLesions[16].overlay.length,N,Y
PRIMARY_IRECIST,IRECIST_PREVNEW_TARGET_NODAL_LESIONS,16,MEASUREMENT_UNITS,3,previousNewNodalLesions[16].overlay.units,N,Y
PRIMARY_IRECIST,IRECIST_PREVNEW_TARGET_NODAL_LESIONS,16,LESION_LOCATION,4,previousNewNodalLesions[16].location,N,Y
PRIMARY_IRECIST,IRECIST_PREVNEW_TARGET_NODAL_LESIONS,16,locationDescription,5,previousNewNodalLesions[16].locationDescription,N,Y
PRIMARY_IRECIST,IRECIST_PREVNEW_TARGET_NODAL_LESIONS,16,OVERLAY_IMAGE_RECID,6,previousNewNodalLesions[16].overlay.imageRecID,N,Y
PRIMARY_IRECIST,IRECIST_PREVNEW_TARGET_NODAL_LESIONS,16,OVERLAY_IMAGE_SERIES,7,previousNewNodalLesions[16].overlay.imageTitle,N,Y
PRIMARY_IRECIST,IRECIST_PREVNEW_TARGET_NODAL_LESIONS,16,OVERLAY_IMAGE_SLICE_NO,8,previousNewNodalLesions[16].overlay.sliceNumber,N,Y
PRIMARY_IRECIST,IRECIST_PREVNEW_TARGET_NODAL_LESIONS,16,REASON_NOT_MEASURED,9,previousNewNodalLesions[16].reasonNoOverlay,N,Y
PRIMARY_IRECIST,IRECIST_PREVNEW_TARGET_NODAL_LESIONS,16,CORRESPONDING_IMAGE_RECID,10,previousNewNodalLesions[16].imageRecId,N,Y
PRIMARY_IRECIST,IRECIST_PREVNEW_TARGET_NODAL_LESIONS,16,CORRESPONDING_IMAGE_SERIES,11,previousNewNodalLesions[16].imageName,N,Y
PRIMARY_IRECIST,IRECIST_PREVNEW_TARGET_NODAL_LESIONS,16,REASON_NOT_EVALUABLE_QUESTION,12,previousNewNodalLesions[16].lesionReasonNotEvaluableIssues[0].question,Y,Y
PRIMARY_IRECIST,IRECIST_PREVNEW_TARGET_NODAL_LESIONS,16,REASON_NOT_EVALUABLE_VALUE,12,previousNewNodalLesions[16].lesionReasonNotEvaluableIssues[0].value,Y,Y
PRIMARY_IRECIST,IRECIST_PREVNEW_TARGET_NODAL_LESIONS,16,REASON_NOT_EVALUABLE_COMMENT,13,previousNewNodalLesions[16].unknownComments,N,Y
PRIMARY_IRECIST,IRECIST_PREVNEW_TARGET_NODAL_LESIONS,16,LESION_COMMENTS,14,previousNewNodalLesions[16].comments,N,Y
PRIMARY_IRECIST,IRECIST_NEW_TARGET_NODAL_LESIONS,17,LESION_ID,0,newMeasuredNodalLesions.count[17].name,N,Y
PRIMARY_IRECIST,IRECIST_NEW_TARGET_NODAL_LESIONS,17,LDIAM,1,newMeasuredNodalLesions.count[17].overlay.length,N,Y
PRIMARY_IRECIST,IRECIST_NEW_TARGET_NODAL_LESIONS,17,MEASUREMENT_UNITS,2,newMeasuredNodalLesions.count[17].overlay.units,N,Y
PRIMARY_IRECIST,IRECIST_NEW_TARGET_NODAL_LESIONS,17,OVERLAY_IMAGE_RECID,3,newMeasuredNodalLesions.count[17].overlay.imageRecID,N,Y
PRIMARY_IRECIST,IRECIST_NEW_TARGET_NODAL_LESIONS,17,OVERLAY_IMAGE_SERIES,4,newMeasuredNodalLesions.count[17].overlay.imageTitle,N,Y
PRIMARY_IRECIST,IRECIST_NEW_TARGET_NODAL_LESIONS,17,OVERLAY_IMAGE_SLICE_NO,5,newMeasuredNodalLesions.count[17].overlay.sliceNumber,N,Y
PRIMARY_IRECIST,IRECIST_NEW_TARGET_NODAL_LESIONS,17,LESION_LOCATION,6,newMeasuredNodalLesions.count[17].location,N,Y
PRIMARY_IRECIST,IRECIST_NEW_TARGET_NODAL_LESIONS,17,LESION_LOCATION_DESCRIPTION,7,newMeasuredNodalLesions.count[17].locationDescription,N,Y
PRIMARY_IRECIST,IRECIST_NEW_TARGET_NODAL_LESIONS,17,LESION_COMMENTS,8,newMeasuredNodalLesions.count[17].comments,N,Y
PRIMARY_IRECIST,IRECIST_CALCULATIONS_NEW_TARGET_LESIONS,18,IRECIST_NEW_SUMDIAM,0,irecistCalculations.sum,N,Y
PRIMARY_IRECIST,IRECIST_CALCULATIONS_NEW_TARGET_LESIONS,18,IRECIST_NEW_ACBSD,1,irecistCalculations.actualChangeInSumOfDiameters,N,Y
PRIMARY_IRECIST,IRECIST_CALCULATIONS_NEW_TARGET_LESIONS,18,IRECIST_NEW_ACNSD,2,irecistCalculations.actualChangeFromNadir,N,Y
PRIMARY_IRECIST,IRECIST_CALCULATIONS_NEW_TARGET_LESIONS,18,IRECIST_NEW_NADIR_TIMEPOINT,3,irecistCalculations.timepointUsedForNadir,N,Y
PRIMARY_IRECIST,IRECIST_NEW_LESION_TARGET_ASSESSMENT,19,IRECIST_NEW_TRGRESP,0,irecistOverallNewMeasuredLesionAssessment.value,N,Y
PRIMARY_IRECIST,IRECIST_NEW_LESION_TARGET_ASSESSMENT,19,IRECIST_NEW_TARGET_ASSESSMENT_COMMENTS,1,irecistOverallNewMeasuredLesionAssessment.comments,N,Y
PRIMARY_IRECIST,IRECIST_NEW_LESION_TARGET_ASSESSMENT_SOFT_EDIT_CHECKS,20,IRECIST_NEW_TARGET_OVERRIDE_REASONS_QUESTION,0,OverallNewMeasuredLesionAssessmentSoftEditCheckOverride.overrideReasons[0].question,Y,Y
PRIMARY_IRECIST,IRECIST_NEW_LESION_TARGET_ASSESSMENT_SOFT_EDIT_CHECKS,20,IRECIST_NEW_TARGET_OVERRIDE_REASONS_VALUE,0,OverallNewMeasuredLesionAssessmentSoftEditCheckOverride.overrideReasons[0].value,Y,Y
PRIMARY_IRECIST,IRECIST_NEW_LESION_TARGET_ASSESSMENT_SOFT_EDIT_CHECKS,20,IRECIST_NEW_TARGET_OVERRIDE_COMMENTS,1,OverallNewMeasuredLesionAssessmentSoftEditCheckOverride.comments,N,Y
PRIMARY_IRECIST,IRECIST_PREVNEW_NON_TARGET_LESIONS,21,LESION_ID,0,previousNewNonMeasuredLesions[21].name,N,Y
PRIMARY_IRECIST,IRECIST_PREVNEW_NON_TARGET_LESIONS,21,FIRST_TP_NAME,1,previousNewNonMeasuredLesions[21].firstMeasuredTimepoint.blindedName,N,Y
PRIMARY_IRECIST,IRECIST_PREVNEW_NON_TARGET_LESIONS,21,LESION_LOCATION,2,previousNewNonMeasuredLesions[21].location,N,Y
PRIMARY_IRECIST,IRECIST_PREVNEW_NON_TARGET_LESIONS,21,LESION_LOCATION_DESCRIPTION,3,previousNewNonMeasuredLesions[21].locationDescription,N,Y
PRIMARY_IRECIST,IRECIST_PREVNEW_NON_TARGET_LESIONS,21,OVERLAY_IMAGE_RECID,4,previousNewNonMeasuredLesions[21].overlay.imageRecID,N,Y
PRIMARY_IRECIST,IRECIST_PREVNEW_NON_TARGET_LESIONS,21,OVERLAY_IMAGE_SERIES,5,previousNewNonMeasuredLesions[21].overlay.imageTitle,N,Y
PRIMARY_IRECIST,IRECIST_PREVNEW_NON_TARGET_LESIONS,21,OVERLAY_IMAGE_SLICE_NO,6,previousNewNonMeasuredLesions[21].overlay.sliceNumber,N,Y
PRIMARY_IRECIST,IRECIST_PREVNEW_NON_TARGET_LESIONS,21,LESION_ASSESSMENT,7,previousNewNonMeasuredLesions[21].assessment,N,Y
PRIMARY_IRECIST,IRECIST_PREVNEW_NON_TARGET_LESIONS,21,CORRESPONDING_IMAGE_RECID,8,previousNewNonMeasuredLesions[21].imageRecId,N,Y
PRIMARY_IRECIST,IRECIST_PREVNEW_NON_TARGET_LESIONS,21,CORRESPONDING_IMAGE_SERIES,9,previousNewNonMeasuredLesions[21].imageName,N,Y
PRIMARY_IRECIST,IRECIST_PREVNEW_NON_TARGET_LESIONS,21,REASON_NOT_EVALUABLE_QUESTION,10,previousNewNonMeasuredLesions[21].lesionReasonNotEvaluableIssues[0].question,Y,Y
PRIMARY_IRECIST,IRECIST_PREVNEW_NON_TARGET_LESIONS,21,REASON_NOT_EVALUABLE_VALUE,10,previousNewNonMeasuredLesions[21].lesionReasonNotEvaluableIssues[0].value,Y,Y
PRIMARY_IRECIST,IRECIST_PREVNEW_NON_TARGET_LESIONS,21,REASON_NOT_EVALUABLE_COMMENT,11,previousNewNonMeasuredLesions[21].unknownComments,N,Y
PRIMARY_IRECIST,IRECIST_PREVNEW_NON_TARGET_LESIONS,21,LESION_COMMENTS,12,previousNewNonMeasuredLesions[21].comments,N,Y
PRIMARY_IRECIST,IRECIST_NEW_NON_TARGET_LESIONS,22,LESION_ID,0,newMeasuredNonNodalLesions[22].name,N,Y
PRIMARY_IRECIST,IRECIST_NEW_NON_TARGET_LESIONS,22,OVERLAY_IMAGE_RECID,1,newMeasuredNonNodalLesions[22].overlay.imageRecID,N,Y
PRIMARY_IRECIST,IRECIST_NEW_NON_TARGET_LESIONS,22,OVERLAY_IMAGE_SERIES,2,newMeasuredNonNodalLesions[22].overlay.imageTitle,N,Y
PRIMARY_IRECIST,IRECIST_NEW_NON_TARGET_LESIONS,22,OVERLAY_IMAGE_SLICE_NO,3,newMeasuredNonNodalLesions[22].overlay.sliceNumber,N,Y
PRIMARY_IRECIST,IRECIST_NEW_NON_TARGET_LESIONS,22,LESION_LOCATION,4,newMeasuredNonNodalLesions[22].location,N,Y
PRIMARY_IRECIST,IRECIST_NEW_NON_TARGET_LESIONS,22,LESION_LOCATION_DESCRIPTION,5,newMeasuredNonNodalLesions[22].locationDescription,N,Y
PRIMARY_IRECIST,IRECIST_NEW_NON_TARGET_LESIONS,22,LESION_COMMENTS,6,newMeasuredNonNodalLesions[22].comments,N,Y
PRIMARY_IRECIST,IRECIST_NEW_LESION_NON_TARGET_ASSESSMENT,23,IRECIST_NEW_NTRGRESP,0,overallNonMeasuredLesionAssessment.value,N,Y
PRIMARY_IRECIST,IRECIST_NEW_LESION_NON_TARGET_ASSESSMENT,23,IRECIST_NEW_NT_ASSESSMENT_COMMENTS,1,overallNonMeasuredLesionAssessment.comments,N,Y
PRIMARY_IRECIST,IRECIST_NEW_LESION_NON_TARGET_ASSESSMENT_SOFT_EDIT_CHECKS,24,IRECIST_NEW_NT_OVERRIDE_REASONS_QUESTION,0,OverallNonMeasuredLesionAssessmentSoftEditCheckOverride.overrideReasons[0].question,Y,Y
PRIMARY_IRECIST,IRECIST_NEW_LESION_NON_TARGET_ASSESSMENT_SOFT_EDIT_CHECKS,24,IRECIST_NEW_NT_OVERRIDE_REASONS_VALUE,0,OverallNonMeasuredLesionAssessmentSoftEditCheckOverride.overrideReasons[0].value,Y,Y
PRIMARY_IRECIST,IRECIST_NEW_LESION_NON_TARGET_ASSESSMENT_SOFT_EDIT_CHECKS,24,IRECIST_NEW_NT_OVERRIDE_COMMENTS,1,OverallNonMeasuredLesionAssessmentSoftEditCheckOverride.comments,N,Y
PRIMARY_IRECIST,FDG_PET,25,PET_RESPONSE,0,petAssessment.value,N,Y
PRIMARY_IRECIST,FDG_PET,25,PET_ASSESSMENT_COMMENTS,1,petAssessment.comments,N,Y
PRIMARY_IRECIST,RECIST11_OVERALL_ASSESSMENTS,26,OVRLRESP,0,overallAssessment.value,N,Y
PRIMARY_IRECIST,RECIST11_OVERALL_ASSESSMENTS,26,OVL_PD_REASONS_QUESTION,1,overallAssessment.reasonsForPD[0].question,Y,Y
PRIMARY_IRECIST,RECIST11_OVERALL_ASSESSMENTS,26,OVL_PD_REASONS_VALUE,1,overallAssessment.reasonsForPD[0].value,Y,Y
PRIMARY_IRECIST,RECIST11_OVERALL_ASSESSMENTS,26,OVL_PD_COMMENTS,2,overallAssessment.pdComments,N,Y
PRIMARY_IRECIST,RECIST11_OVERALL_ASSESSMENTS,26,OVL_NE_REASONS_QUESTION,3,overallAssessment.reasonsForUnknown[0].question,Y,Y
PRIMARY_IRECIST,RECIST11_OVERALL_ASSESSMENTS,26,OVL_NE_REASONS_VALUE,3,overallAssessment.reasonsForUnknown[0].value,Y,Y
PRIMARY_IRECIST,RECIST11_OVERALL_ASSESSMENTS,26,OVL_NE_COMMENTS,4,overallAssessment.unknownComments,N,Y
PRIMARY_IRECIST,RECIST11_OVERALL_ASSESSMENTS,26,OVL_ND_COMMENTS,5,overallAssessment.noDiseaseComments,N,Y
PRIMARY_IRECIST,RECIST11_OVERALL_ASSESSMENTS,26,OVL_ASSESSMENT_COMMENTS,6,overallAssessment.comments,N,Y
PRIMARY_IRECIST,RECIST11_OVERALL_ASSESSMENTS_SOFT_EDIT_CHECKS,27,OVL_OVERRIDE_REASONS,0,overallAssessmentSoftEditCheckOverride.overrideReasons,N,Y
PRIMARY_IRECIST,RECIST11_OVERALL_ASSESSMENTS_SOFT_EDIT_CHECKS,27,OVL_OVERRIDE_COMMENTS,1,overallAssessmentSoftEditCheckOverride.comments,N,Y
PRIMARY_IRECIST,IRECIST_OVERALL_TUMOR_RESPONSE,28,IRECIST_OVRLRESP,0,irecistOverallAssessment.value,N,Y
PRIMARY_IRECIST,IRECIST_OVERALL_TUMOR_RESPONSE,28,IRECIST_OTR_ICPD_REASONS_QUESTION,1,irecistOverallAssessment.reasonsForiCPD[0].question,Y,Y
PRIMARY_IRECIST,IRECIST_OVERALL_TUMOR_RESPONSE,28,IRECIST_OTR_ICPD_REASONS_VALUE,1,irecistOverallAssessment.reasonsForiCPD[0].value,Y,Y
PRIMARY_IRECIST,IRECIST_OVERALL_TUMOR_RESPONSE,28,IRECIST_OTR_INE_REASONS_QUESTION,2,irecistOverallAssessment.reasonsForiNE[0].question,Y,Y
PRIMARY_IRECIST,IRECIST_OVERALL_TUMOR_RESPONSE,28,IRECIST_OTR_INE_REASONS_VALUE,2,irecistOverallAssessment.reasonsForiNE[0].value,Y,Y
PRIMARY_IRECIST,IRECIST_OVERALL_TUMOR_RESPONSE,28,IRECIST_OTR_OTHERS_COMMENTS,3,irecistOverallAssessment.reasonOtherSpecifyComments,N,Y
PRIMARY_IRECIST,IRECIST_OVERALL_TUMOR_RESPONSE,28,IRECIST_OTR_ASSESSMENT_COMMENTS,4,irecistOverallAssessment.comments,N,Y
PRIMARY_IRECIST,IRECIST_OVERALL_TUMOR_RESPONSE_SOFT_EDIT_CHECK,29,IRECIST_OTR_OVERRIDE_REASONS_QUESTION,0,irecistOverallAssessmentSoftEditCheckOverride.overrideReasons[0].question,Y,Y
PRIMARY_IRECIST,IRECIST_OVERALL_TUMOR_RESPONSE_SOFT_EDIT_CHECK,29,IRECIST_OTR_OVERRIDE_REASONS_VALUE,0,irecistOverallAssessmentSoftEditCheckOverride.overrideReasons[0].value,Y,Y
PRIMARY_IRECIST,IRECIST_OVERALL_TUMOR_RESPONSE_SOFT_EDIT_CHECK,29,IRECIST_OTR_OVERRIDE_COMMENTS,1,irecistOverallAssessmentSoftEditCheckOverride.comments,N,Y
PRIMARY_IRECIST,RECIST11_BASELINE_DISEASE_STATUS,30,NO_BASELINE_DISESE_FLAG,0,baselineDiseaseStatus,N,Y
PRIMARY_IRECIST,TIMEPOINT_COMMENTS,31,TIMEPOINT_COMMENTS,0,generalComments,N,Y
PRIMARY_LUGANO,IMAGE_QUALITY,0,IMAGE_QUALITY_ISSUES_FLAG,0,imageQualityAssessments.imageQualityAssessmentList[0].hasIssues,N,Y
PRIMARY_LUGANO,IMAGE_QUALITY,0,IMAGE_QUALITY_ISSUES_FLAG,0,imageQualityAssessments.imageQualityAssessmentList[0].hasIssues,N,Y
PRIMARY_LUGANO,IMAGE_QUALITY,0,IMAGE_QUALITY_ISSUES_QUESTION,1,imageQualityAssessments.imageQualityAssessmentList[0].issues[0].question,Y,Y
PRIMARY_LUGANO,IMAGE_QUALITY,0,IMAGE_QUALITY_ISSUES_VALUE,1,imageQualityAssessments.imageQualityAssessmentList[0].issues[0].value,Y,Y
PRIMARY_LUGANO,IMAGE_QUALITY,0,IMAGE_QUALITY_ISSUE_1_QUESTION,1,imageQualityAssessments.imageQualityAssessmentList[0].issues[0].question,Y,Y
PRIMARY_LUGANO,IMAGE_QUALITY,0,IMAGE_QUALITY_ISSUE_1_VALUE,1,imageQualityAssessments.imageQualityAssessmentList[0].issues[0].value,Y,Y
PRIMARY_LUGANO,IMAGE_QUALITY,0,IMAGE_QUALITY_COMMENTS,2,imageQualityAssessments.imageQualityAssessmentList[0].imageQualityComments,N,Y
PRIMARY_LUGANO,IMAGE_QUALITY,0,IMAGE_QUALITY_ISSUE_2_QUESTION,2,imageQualityAssessments.imageQualityAssessmentList[0].issues[0].question,Y,Y
PRIMARY_LUGANO,IMAGE_QUALITY,0,IMAGE_QUALITY_ISSUE_2_VALUE,2,imageQualityAssessments.imageQualityAssessmentList[0].issues[0].value,Y,Y
PRIMARY_LUGANO,IMAGE_QUALITY,0,IMAGE_QUALITY_ISSUE_3_QUESTION,3,imageQualityAssessments.imageQualityAssessmentList[0].issues[0].question,Y,Y
PRIMARY_LUGANO,IMAGE_QUALITY,0,IMAGE_QUALITY_ISSUE_3_VALUE,3,imageQualityAssessments.imageQualityAssessmentList[0].issues[0].value,Y,Y
PRIMARY_LUGANO,IMAGE_QUALITY,0,IMAGE_QUALITY_ISSUE_4_QUESTION,4,imageQualityAssessments.imageQualityAssessmentList[0].issues[0].question,Y,Y
PRIMARY_LUGANO,IMAGE_QUALITY,0,IMAGE_QUALITY_ISSUE_4_VALUE,4,imageQualityAssessments.imageQualityAssessmentList[0].issues[0].value,Y,Y
PRIMARY_LUGANO,IMAGE_QUALITY,0,IMAGE_QUALITY_ISSUE_5_QUESTION,5,imageQualityAssessments.imageQualityAssessmentList[0].issues[0].question,Y,Y
PRIMARY_LUGANO,IMAGE_QUALITY,0,IMAGE_QUALITY_ISSUE_5_VALUE,5,imageQualityAssessments.imageQualityAssessmentList[0].issues[0].value,Y,Y
PRIMARY_LUGANO,IMAGE_QUALITY,0,IMAGE_QUALITY_ISSUE_6_QUESTION,6,imageQualityAssessments.imageQualityAssessmentList[0].issues[0].question,Y,Y
PRIMARY_LUGANO,IMAGE_QUALITY,0,IMAGE_QUALITY_ISSUE_6_VALUE,6,imageQualityAssessments.imageQualityAssessmentList[0].issues[0].value,Y,Y
PRIMARY_LUGANO,IMAGE_QUALITY,0,IMAGE_QUALITY_ISSUE_COMMENTS,7,imageQualityAssessments.imageQualityAssessmentList[0].imageQualityComments,N,Y
PRIMARY_LUGANO,LUGANO_TARGET_NODES,1,LESION_ID,0,targetNodalLesions[1].name,N,Y
PRIMARY_LUGANO,LUGANO_TARGET_NODES,1,LDIAM,1,targetNodalLesions[1].overlay.primaryLength,N,Y
PRIMARY_LUGANO,LUGANO_TARGET_NODES,1,LPERP,2,targetNodalLesions[1].overlay.orthogonalLength,N,Y
PRIMARY_LUGANO,LUGANO_TARGET_NODES,1,PPD,3,targetNodalLesions[1].overlay.crossProduct,N,Y
PRIMARY_LUGANO,LUGANO_TARGET_NODES,1,MEASUREMENT_UNITS,4,targetNodalLesions[1].overlay.units,N,Y
PRIMARY_LUGANO,LUGANO_TARGET_NODES,1,OVERLAY_IMAGE_RECID,5,targetNodalLesions[1].overlay.imageRecID,N,Y
PRIMARY_LUGANO,LUGANO_TARGET_NODES,1,OVERLAY_IMAGE_SERIES,6,targetNodalLesions[1].overlay.imageTitle,N,Y
PRIMARY_LUGANO,LUGANO_TARGET_NODES,1,OVERLAY_IMAGE_SLICE_NO,7,targetNodalLesions[1].overlay.sliceNumber,N,Y
PRIMARY_LUGANO,LUGANO_TARGET_NODES,1,LESION_LOCATION,8,targetNodalLesions[1].location,N,Y
PRIMARY_LUGANO,LUGANO_TARGET_NODES,1,LESION_LOCATION_DESCRIPTION,9,targetNodalLesions[1].locationDescription,N,Y
PRIMARY_LUGANO,LUGANO_TARGET_NODES,1,REASON_NOT_MEASURED,10,targetNodalLesions[1].reasonNoOverlay,N,Y
PRIMARY_LUGANO,LUGANO_TARGET_NODES,1,REASON_PERP_NOT_MEASURED,11,targetNodalLesions[1].overlay.reasonOrthogonalNotMeasured,N,Y
PRIMARY_LUGANO,LUGANO_TARGET_NODES,1,CORRESPONDING_IMAGE_RECID,12,targetNodalLesions[1].imageRecID,N,Y
PRIMARY_LUGANO,LUGANO_TARGET_NODES,1,CORRESPONDING_IMAGE_SERIES,13,targetNodalLesions[1].imageName,N,Y
PRIMARY_LUGANO,LUGANO_TARGET_NODES,1,REASON_NOT_EVALUABLE_QUESTION,14,targetNodalLesions[1].lesionReasonNotEvaluableIssues[0].question,Y,Y
PRIMARY_LUGANO,LUGANO_TARGET_NODES,1,REASON_NOT_EVALUABLE_VALUE,14,targetNodalLesions[1].lesionReasonNotEvaluableIssues[0].value,Y,Y
PRIMARY_LUGANO,LUGANO_TARGET_NODES,1,REASON_NOT_EVALUABLE_COMMENT,15,targetNodalLesions[1].unknownComments,N,Y
PRIMARY_LUGANO,LUGANO_TARGET_NODES,1,LESION_COMMENTS,16,targetNodalLesions[1].comments,N,Y
PRIMARY_LUGANO,LUGANO_TARGET_EXTRA_NODAL,2,LESION_ID,0,targetExtraNodalLesions[2].name,N,Y
PRIMARY_LUGANO,LUGANO_TARGET_EXTRA_NODAL,2,LDIAM,1,targetExtraNodalLesions[2].overlay.primaryLength,N,Y
PRIMARY_LUGANO,LUGANO_TARGET_EXTRA_NODAL,2,LPERP,2,targetExtraNodalLesions[2].overlay.orthogonalLength,N,Y
PRIMARY_LUGANO,LUGANO_TARGET_EXTRA_NODAL,2,PPD,3,targetExtraNodalLesions[2].overlay.crossProduct,N,Y
PRIMARY_LUGANO,LUGANO_TARGET_EXTRA_NODAL,2,MEASUREMENT_UNITS,4,targetExtraNodalLesions[2].overlay.units,N,Y
PRIMARY_LUGANO,LUGANO_TARGET_EXTRA_NODAL,2,OVERLAY_IMAGE_RECID,5,targetExtraNodalLesions[2].overlay.imageRecID,N,Y
PRIMARY_LUGANO,LUGANO_TARGET_EXTRA_NODAL,2,OVERLAY_IMAGE_SERIES,6,targetExtraNodalLesions[2].overlay.imageTitle,N,Y
PRIMARY_LUGANO,LUGANO_TARGET_EXTRA_NODAL,2,OVERLAY_IMAGE_SLICE_NO,7,targetExtraNodalLesions[2].overlay.sliceNumber,N,Y
PRIMARY_LUGANO,LUGANO_TARGET_EXTRA_NODAL,2,LESION_LOCATION,8,targetExtraNodalLesions[2].location,N,Y
PRIMARY_LUGANO,LUGANO_TARGET_EXTRA_NODAL,2,LESION_LOCATION_DESCRIPTION,9,targetExtraNodalLesions[2].locationDescription,N,Y
PRIMARY_LUGANO,LUGANO_TARGET_EXTRA_NODAL,2,REASON_NOT_MEASURED,10,targetExtraNodalLesions[2].reasonNoOverlay,N,Y
PRIMARY_LUGANO,LUGANO_TARGET_EXTRA_NODAL,2,REASON_PERP_NOT_MEASURED,11,targetExtraNodalLesions[2].overlay.reasonOrthogonalNotMeasured,N,Y
PRIMARY_LUGANO,LUGANO_TARGET_EXTRA_NODAL,2,CORRESPONDING_IMAGE_RECID,12,targetExtraNodalLesions[2].imageRecID,N,Y
PRIMARY_LUGANO,LUGANO_TARGET_EXTRA_NODAL,2,CORRESPONDING_IMAGE_SERIES,13,targetExtraNodalLesions[2].imageName,N,Y
PRIMARY_LUGANO,LUGANO_TARGET_EXTRA_NODAL,2,REASON_NOT_EVALUABLE_QUESTION,14,targetExtraNodalLesions[2].lesionReasonNotEvaluableIssues[0].question,Y,Y
PRIMARY_LUGANO,LUGANO_TARGET_EXTRA_NODAL,2,REASON_NOT_EVALUABLE_VALUE,14,targetExtraNodalLesions[2].lesionReasonNotEvaluableIssues[0].value,Y,Y
PRIMARY_LUGANO,LUGANO_TARGET_EXTRA_NODAL,2,REASON_NOT_EVALUABLE_COMMENT,15,targetExtraNodalLesions[2].unknownComments,N,Y
PRIMARY_LUGANO,LUGANO_TARGET_EXTRA_NODAL,2,LESION_COMMENTS,16,targetExtraNodalLesions[2].comments,N,Y
PRIMARY_LUGANO,LUGANO_TARGET_INDIVIDUAL_CALCULATIONS,3,LUGANO_TIC_LESION_ID,0,targetIndividualCalculations[3].lesionName,N,Y
PRIMARY_LUGANO,LUGANO_TARGET_INDIVIDUAL_CALCULATIONS,3,LUGANO_TIC_ACPPDNLD,1,targetIndividualCalculations[3].actualChangeOfPrimaryDiameterFromPPDNadir,N,Y
PRIMARY_LUGANO,LUGANO_TARGET_INDIVIDUAL_CALCULATIONS,3,LUGANO_TIC_ACPPDNLP,2,targetIndividualCalculations[3].actualChangeFromNadir,N,Y
PRIMARY_LUGANO,LUGANO_TARGET_INDIVIDUAL_CALCULATIONS,3,LUGANO_TIC_ACPPDNLD_DISPTEXT,3,targetIndividualCalculations[3].ppdNadirDisplayText,N,Y
PRIMARY_LUGANO,LUGANO_TARGET_INDIVIDUAL_CALCULATIONS,3,LUGANO_TIC_ACPPDNLP_DISPTEXT,4,targetIndividualCalculations[3].perpendicularDiameterNadirDisplayText,N,Y
PRIMARY_LUGANO,LUGANO_CALCULATIONS_TARGET_LESIONS,4,CURRENT_TIMEPOINT,0,targetCalculations.timepoint,N,Y
PRIMARY_LUGANO,LUGANO_CALCULATIONS_TARGET_LESIONS,4,SUMPPD,1,targetCalculations.sum,N,Y
PRIMARY_LUGANO,LUGANO_CALCULATIONS_TARGET_LESIONS,4,PCBSPPD,2,targetCalculations.percentageChangeFromBaseline,N,Y
PRIMARY_LUGANO,LUGANO_CALCULATIONS_TARGET_LESIONS,4,PCNSPPD,3,targetCalculations.percentageChangeFromNadir,N,Y
PRIMARY_LUGANO,LUGANO_CALCULATIONS_TARGET_LESIONS,4,NADIR_TIMEPOINT,4,targetCalculations.timepointUsedForNadir,N,Y
PRIMARY_LUGANO,LUGANO_TARGET_ASSESMENT,5,LUGANO_TRGRESP,0,overallTargetLesionAssessment.value,N,Y
PRIMARY_LUGANO,LUGANO_TARGET_ASSESMENT,5,LUGANO_TARGET_UNK_COMMENTS,1,overallTargetLesionAssessment.unknownComments,N,Y
PRIMARY_LUGANO,LUGANO_TARGET_ASSESMENT,5,LUGANO_TARGET_ASSESSMENT_COMMENTS,2,overallTargetLesionAssessment.comments,N,Y
PRIMARY_LUGANO,LUGANO_TARGET_ASSESMENT_SOFT_EDIT_CHECKS,6,LUGANO_TARGET_OVERRIDE_REASONS_QUESTION,0,overallTargetAssessmentSoftEditCheckOverride.overrideReasons[0].question,Y,Y
PRIMARY_LUGANO,LUGANO_TARGET_ASSESMENT_SOFT_EDIT_CHECKS,6,LUGANO_TARGET_OVERRIDE_REASONS_VALUE,0,overallTargetAssessmentSoftEditCheckOverride.overrideReasons[0].value,Y,Y
PRIMARY_LUGANO,LUGANO_TARGET_ASSESMENT_SOFT_EDIT_CHECKS,6,LUGANO_TARGET_OVERRIDE_COMMENTS,1,overallTargetAssessmentSoftEditCheckOverride.comments,N,Y
PRIMARY_LUGANO,LUGANO_NON_TARGET_LESIONS,7,LESION_ID,0,nonTargetLesions[7].name,N,Y
PRIMARY_LUGANO,LUGANO_NON_TARGET_LESIONS,7,OVERLAY_IMAGE_RECID,1,nonTargetLesions[7].overlay.imageRecID,N,Y
PRIMARY_LUGANO,LUGANO_NON_TARGET_LESIONS,7,OVERLAY_IMAGE_SERIES,2,nonTargetLesions[7].overlay.imageTitle,N,Y
PRIMARY_LUGANO,LUGANO_NON_TARGET_LESIONS,7,OVERLAY_IMAGE_SLICE_NO,3,nonTargetLesions[7].overlay.sliceNumber,N,Y
PRIMARY_LUGANO,LUGANO_NON_TARGET_LESIONS,7,LESION_LOCATION,4,nonTargetLesions[7].location,N,Y
PRIMARY_LUGANO,LUGANO_NON_TARGET_LESIONS,7,LESION_LOCATION_DESCRIPTION,5,nonTargetLesions[7].locationDescription,N,Y
PRIMARY_LUGANO,LUGANO_NON_TARGET_LESIONS,7,LESION_ASSESSMENT,6,nonTargetLesions[7].assessment,N,Y
PRIMARY_LUGANO,LUGANO_NON_TARGET_LESIONS,7,CORRESPONDING_IMAGE_RECID,7,nonTargetLesions[7].imageRecID,N,Y
PRIMARY_LUGANO,LUGANO_NON_TARGET_LESIONS,7,CORRESPONDING_IMAGE_SERIES,8,nonTargetLesions[7].imageName,N,Y
PRIMARY_LUGANO,LUGANO_NON_TARGET_LESIONS,7,REASON_NOT_EVALUABLE,9,nonTargetLesions[7].lesionReasonNotEvaluableIssues,N,Y
PRIMARY_LUGANO,LUGANO_NON_TARGET_LESIONS,7,REASON_NOT_EVALUABLE_COMMENT,10,nonTargetLesions[7].unknownComments,N,Y
PRIMARY_LUGANO,LUGANO_NON_TARGET_LESIONS,7,LESION_COMMENTS,11,nonTargetLesions[7].comments,N,Y
PRIMARY_LUGANO,LUGANO_NON_TARGET_ASSESMENT,8,LUGANO_NTRGRESP,0,overallNonTargetLesionAssessment.value,N,Y
PRIMARY_LUGANO,LUGANO_NON_TARGET_ASSESMENT,8,LUGANO_NON_TARGET_UNK_COMMENTS,1,overallNonTargetLesionAssessment.unknownComments,N,Y
PRIMARY_LUGANO,LUGANO_NON_TARGET_ASSESMENT,8,LUGANO_NON_TARGET_ASSESSMENT_COMMENTS,2,overallNonTargetLesionAssessment.comments,N,Y
PRIMARY_LUGANO,LUGANO_NON_TARGET_ASSESMENT_SOFT_EDIT_CHECKS,9,LUGANO_NON_TARGET_OVERRIDE_REASONS,0,overallNonTargetAssessmentSoftEditCheckOverride.overrideReasons,N,Y
PRIMARY_LUGANO,LUGANO_NON_TARGET_ASSESMENT_SOFT_EDIT_CHECKS,9,LUGANO_NON_TARGET_OVERRIDE_COMMENTS,1,overallNonTargetAssessmentSoftEditCheckOverride.comments,N,Y
PRIMARY_LUGANO,LUGANO_SPLEEN_MEASUREMENTS,10,SPLEEN_ID,0,spleenMeasurement.name,N,Y
PRIMARY_LUGANO,LUGANO_SPLEEN_MEASUREMENTS,10,SPLEEN_SLICE_RANGE,1,spleenMeasurement.sliceRangeIdentified,N,Y
PRIMARY_LUGANO,LUGANO_SPLEEN_MEASUREMENTS,10,SPLEEN_SLICE_COUNT,2,spleenMeasurement.sliceCount,N,Y
PRIMARY_LUGANO,LUGANO_SPLEEN_MEASUREMENTS,10,SPLEEN_LENGTH,3,spleenMeasurement.length,N,Y
PRIMARY_LUGANO,LUGANO_SPLEEN_MEASUREMENTS,10,SPLEEN_NORM,4,spleenMeasurement.norm,N,Y
PRIMARY_LUGANO,LUGANO_SPLEEN_MEASUREMENTS,10,REASON_NOT_MEASURED,5,spleenMeasurement.reasonNotMeasured,N,Y
PRIMARY_LUGANO,LUGANO_SPLEEN_MEASUREMENTS,10,REASON_NOT_MEASURED_COMMENTS,6,spleenMeasurement.reasonNotMeasuredComments,N,Y
PRIMARY_LUGANO,LUGANO_SPLEEN_MEASUREMENTS,10,OVERLAY_IMAGE_RECID,7,spleenMeasurement.overlays[0].imageRecID,N,Y
PRIMARY_LUGANO,LUGANO_SPLEEN_MEASUREMENTS,10,OVERLAY_IMAGE_SERIES,8,spleenMeasurement.overlays[0].imageTitle,N,Y
PRIMARY_LUGANO,LUGANO_SPLEEN_MEASUREMENTS,10,SPLEEN_SLICE_DISTANCE,9,spleenMeasurement.sliceDistance,N,Y
PRIMARY_LUGANO,LUGANO_SPLEEN_MEASUREMENTS,10,SPLEEN_SLICE_INTERVAL,10,spleenMeasurement.sliceInterval,N,Y
PRIMARY_LUGANO,LUGANO_SPLEEN_MEASUREMENTS,10,SPLEEN_SLICE1,11,spleenMeasurement.sliceNumber1,N,Y
PRIMARY_LUGANO,LUGANO_SPLEEN_MEASUREMENTS,10,SPLEEN_SLICE2,12,spleenMeasurement.sliceNumber2,N,Y
PRIMARY_LUGANO,LUGANO_SPLEEN_MEASUREMENTS,10,SPLEEN_CALCULATION_METHOD,13,spleenMeasurement.calculationMethod,N,Y
PRIMARY_LUGANO,LUGANO_SPLEEN_CALCULATIONS,11,SPLEEN_LENGTH,0,spleenCalculations.length,N,Y
PRIMARY_LUGANO,LUGANO_SPLEEN_CALCULATIONS,11,SPLEEN_ENLARGED_LENGTH,1,spleenCalculations.LE,N,Y
PRIMARY_LUGANO,LUGANO_SPLEEN_CALCULATIONS,11,SPLEEN_UNITS,2,spleenCalculations.units,N,Y
PRIMARY_LUGANO,LUGANO_SPLEEN_CALCULATIONS,11,SPLEEN_ACBLE,3,spleenCalculations.actualChangeFromBaselineLE,N,Y
PRIMARY_LUGANO,LUGANO_SPLEEN_CALCULATIONS,11,SPLEEN_ACBL,4,spleenCalculations.actualChangeFromBaselineLength,N,Y
PRIMARY_LUGANO,LUGANO_SPLEEN_CALCULATIONS,11,SPLEEN_ACNLE,5,spleenCalculations.actualChangeFromNadirLE,N,Y
PRIMARY_LUGANO,LUGANO_SPLEEN_CALCULATIONS,11,SPLEEN_ACNL,6,spleenCalculations.actualChangeFromNadirLength,N,Y
PRIMARY_LUGANO,LUGANO_SPLEEN_CALCULATIONS,11,SPLEEN_PCBLE,7,spleenCalculations.percentageChangeFromBaselineLE,N,Y
PRIMARY_LUGANO,LUGANO_SPLEEN_CALCULATIONS,11,SPLEEN_PCBL,8,spleenCalculations.percentageChangeFromBaselineLength,N,Y
PRIMARY_LUGANO,LUGANO_SPLEEN_CALCULATIONS,11,SPLEEN_PCNLE,9,spleenCalculations.percentageChangeFromNadirLE,N,Y
PRIMARY_LUGANO,LUGANO_SPLEEN_CALCULATIONS,11,SPLEEN_PCNL,10,spleenCalculations.percentageChangeFromNadirLength,N,Y
PRIMARY_LUGANO,LUGANO_SPLEEN_CALCULATIONS,11,SPLEEN_LE_NADIR_TIMEPOINT,11,spleenCalculations.timepointUsedForNadirLE,N,Y
PRIMARY_LUGANO,LUGANO_SPLEEN_CALCULATIONS,11,SPLEEN_LENGTH_NADIR_TIMEPOINT,12,spleenCalculations.timepointUsedForNadirLength,N,Y
PRIMARY_LUGANO,LUGANO_SPLEEN_ASSESMENT,12,LUGANO_SPLNRESP,0,spleenAssessment.assessment,N,Y
PRIMARY_LUGANO,LUGANO_SPLEEN_ASSESMENT,12,LUGANO_SPLNRESP_CALCULATED,1,spleenAssessment.calculatedAssessment,N,Y
PRIMARY_LUGANO,LUGANO_SPLEEN_ASSESMENT,12,LUGANO_SPLEEN_UNK_COMMENTS,2,spleenAssessment.unknownComments,N,Y
PRIMARY_LUGANO,LUGANO_SPLEEN_ASSESMENT,12,LUGANO_SPLEEN_ASSESSMENT_COMMENTS,3,spleenAssessment.comments,N,Y
PRIMARY_LUGANO,LUGANO_SPLEEN_ASSESMENT_SOFT_EDIT_CHECKS,13,LUGANO_SPLEEN_OVERRIDE_REASONS_QUESTION,0,spleenSoftEditCheckOverride.overrideReasons[0].question,Y,Y
PRIMARY_LUGANO,LUGANO_SPLEEN_ASSESMENT_SOFT_EDIT_CHECKS,13,LUGANO_SPLEEN_OVERRIDE_REASONS_VALUE,0,spleenSoftEditCheckOverride.overrideReasons[0].value,Y,Y
PRIMARY_LUGANO,LUGANO_SPLEEN_ASSESMENT_SOFT_EDIT_CHECKS,13,LUGANO_SPLEEN_OVERRIDE_COMMENTS,1,spleenSoftEditCheckOverride.comments,N,Y
PRIMARY_LUGANO,LUGANO_LIVER_ASSESSMENT,14,LUGANO_LIVRRESP,0,liverAssessment.assessment,N,Y
PRIMARY_LUGANO,LUGANO_LIVER_ASSESSMENT,14,LUGANO_LIVER_UNK_COMMENTS,1,liverAssessment.unknownComments,N,Y
PRIMARY_LUGANO,LUGANO_LIVER_ASSESSMENT,14,LUGANO_LIVER_ASSESSMENT_COMMENTS,2,liverAssessment.comments,N,Y
PRIMARY_LUGANO,LUGANO_PREVNEW_LESIONS,15,LESION_ID,0,previousNewLesions[15].name,N,Y
PRIMARY_LUGANO,LUGANO_PREVNEW_LESIONS,15,FIRST_TP_NAME,1,previousNewLesions[15].firstMeasuredTimepoint.blindedName,N,Y
PRIMARY_LUGANO,LUGANO_PREVNEW_LESIONS,15,LUGANO_LESION_TYPE,2,previousNewLesions[15].l_type,N,Y
PRIMARY_LUGANO,LUGANO_PREVNEW_LESIONS,15,LDIAM,3,previousNewLesions[15].overlay.primaryLength,N,Y
PRIMARY_LUGANO,LUGANO_PREVNEW_LESIONS,15,LPERP,4,previousNewLesions[15].overlay.orthogonalLength,N,Y
PRIMARY_LUGANO,LUGANO_PREVNEW_LESIONS,15,PPD,5,previousNewLesions[15].overlay.crossProduct,N,Y
PRIMARY_LUGANO,LUGANO_PREVNEW_LESIONS,15,MEASUREMENT_UNITS,6,previousNewLesions[15].overlay.units,N,Y
PRIMARY_LUGANO,LUGANO_PREVNEW_LESIONS,15,OVERLAY_IMAGE_RECID,7,previousNewLesions[15].overlay.imageRecID,N,Y
PRIMARY_LUGANO,LUGANO_PREVNEW_LESIONS,15,OVERLAY_IMAGE_SERIES,8,previousNewLesions[15].overlay.imageTitle,N,Y
PRIMARY_LUGANO,LUGANO_PREVNEW_LESIONS,15,OVERLAY_IMAGE_SLICE_NO,9,previousNewLesions[15].overlay.sliceNumber,N,Y
PRIMARY_LUGANO,LUGANO_PREVNEW_LESIONS,15,LESION_LOCATION,10,previousNewLesions[15].location,N,Y
PRIMARY_LUGANO,LUGANO_PREVNEW_LESIONS,15,LESION_LOCATION_DESCRIPTION,11,previousNewLesions[15].locationDescription,N,Y
PRIMARY_LUGANO,LUGANO_PREVNEW_LESIONS,15,PET_NEGATIVE,12,previousNewLesions[15],N,Y
PRIMARY_LUGANO,LUGANO_PREVNEW_LESIONS,15,REASON_NOT_MEASURED,12,previousNewLesions[15].reasonNoOverlay,N,Y
PRIMARY_LUGANO,LUGANO_PREVNEW_LESIONS,15,REASON_PERP_NOT_MEASURED,13,previousNewLesions[15].overlay.reasonOrthogonalNotMeasured,N,Y
PRIMARY_LUGANO,LUGANO_PREVNEW_LESIONS,15,CORRESPONDING_IMAGE_RECID,14,previousNewLesions[15].imageRecID,N,Y
PRIMARY_LUGANO,LUGANO_PREVNEW_LESIONS,15,CORRESPONDING_IMAGE_SERIES,15,previousNewLesions[15].imageName,N,Y
PRIMARY_LUGANO,LUGANO_PREVNEW_LESIONS,15,REASON_NOT_EVALUABLE_QUESTION,16,previousNewLesions[15].lesionReasonNotEvaluableIssues[0].question,Y,Y
PRIMARY_LUGANO,LUGANO_PREVNEW_LESIONS,15,REASON_NOT_EVALUABLE_VALUE,16,previousNewLesions[15].lesionReasonNotEvaluableIssues[0].value,Y,Y
PRIMARY_LUGANO,LUGANO_PREVNEW_LESIONS,15,REASON_NOT_EVALUABLE_COMMENT,17,previousNewLesions[15].unknownComments,N,Y
PRIMARY_LUGANO,LUGANO_PREVNEW_LESIONS,15,LESION_COMMENTS,18,previousNewLesions[15].comments,N,Y
PRIMARY_LUGANO,LUGANO_PREVNEW_LESIONS,15,LESION_STATUS,19,previousNewLesions[15].status,N,Y
PRIMARY_LUGANO,LUGANO_NEW_LESIONS,16,LESION_ID,0,newLesions[16].name,N,Y
PRIMARY_LUGANO,LUGANO_NEW_LESIONS,16,LDIAM,1,newLesions[16].overlay.primaryLength,N,Y
PRIMARY_LUGANO,LUGANO_NEW_LESIONS,16,LPERP,2,newLesions[16].overlay.orthogonalLength,N,Y
PRIMARY_LUGANO,LUGANO_NEW_LESIONS,16,PPD,3,newLesions[16].overlay.crossProduct,N,Y
PRIMARY_LUGANO,LUGANO_NEW_LESIONS,16,MEASUREMENT_UNITS,4,newLesions[16].overlay.units,N,Y
PRIMARY_LUGANO,LUGANO_NEW_LESIONS,16,OVERLAY_IMAGE_RECID,5,newLesions[16].overlay.imageRecID,N,Y
PRIMARY_LUGANO,LUGANO_NEW_LESIONS,16,OVERLAY_IMAGE_SERIES,6,newLesions[16].overlay.imageTitle,N,Y
PRIMARY_LUGANO,LUGANO_NEW_LESIONS,16,OVERLAY_IMAGE_SLICE_NO,7,newLesions[16].overlay.sliceNumber,N,Y
PRIMARY_LUGANO,LUGANO_NEW_LESIONS,16,LUGANO_LESION_TYPE,8,newLesions[16].l_type,N,Y
PRIMARY_LUGANO,LUGANO_NEW_LESIONS,16,PET_NEGATIVE,9,newLesions[16],N,Y
PRIMARY_LUGANO,LUGANO_NEW_LESIONS,16,LESION_LOCATION,10,newLesions[16].location,N,Y
PRIMARY_LUGANO,LUGANO_NEW_LESIONS,16,LESION_LOCATION_DESCRIPTION,11,newLesions[16].locationDescription,N,Y
PRIMARY_LUGANO,LUGANO_NEW_LESIONS,16,LESION_COMMENTS,12,newLesions[16].comments,N,Y
PRIMARY_LUGANO,LUGANO_GI_INVOLVEMENT,17,LUGANO_GI_EVIDENCE,3,gastroIntestinalInvolvement.evidence,N,Y
PRIMARY_LUGANO,LUGANO_GI_INVOLVEMENT,17,LUGANO_GI_PRESENT_TYPE,4,gastroIntestinalInvolvement.subEvidence,N,Y
PRIMARY_LUGANO,LUGANO_GI_INVOLVEMENT,17,LUGANO_GI_COMMENTS,5,gastroIntestinalInvolvement.comments,N,Y
PRIMARY_LUGANO,LUGANO_CT_MRI_OTR_ASSESSMENT,18,LUGANO_CTMRI_OTR_OVERRIDE_REASONS,0,overallAssessment.overrideReasons,N,Y
PRIMARY_LUGANO,LUGANO_CT_MRI_OTR_ASSESSMENT,18,LUGANO_CTMRI_OTR_PD_REASONS_QUESTION,1,overallAssessment.reasonsForPD[0].question,Y,Y
PRIMARY_LUGANO,LUGANO_CT_MRI_OTR_ASSESSMENT,18,LUGANO_CTMRI_OTR_PD_REASONS_VALUE,1,overallAssessment.reasonsForPD[0].value,Y,Y
PRIMARY_LUGANO,LUGANO_CT_MRI_OTR_ASSESSMENT,18,LUGANO_CTMRI_OTR_OVERRIDE_COMMENTS,1,overallAssessment.comments,N,Y
PRIMARY_LUGANO,LUGANO_CT_MRI_OTR_ASSESSMENT,18,LUGANO_CTMRI_OTR_PD_COMMENTS,2,overallAssessment.pdComments,N,Y
PRIMARY_LUGANO,LUGANO_CT_MRI_OTR_ASSESSMENT,18,LUGANO_CTMRI_OTR_NE_REASONS_QUESTION,3,overallAssessment.reasonsForUnknown[0].question,Y,Y
PRIMARY_LUGANO,LUGANO_CT_MRI_OTR_ASSESSMENT,18,LUGANO_CTMRI_OTR_NE_REASONS_VALUE,3,overallAssessment.reasonsForUnknown[0].value,Y,Y
PRIMARY_LUGANO,LUGANO_CT_MRI_OTR_ASSESSMENT,18,LUGANO_CTMRI_OTR_NE_COMMENTS,4,overallAssessment.unknownComments,N,Y
PRIMARY_LUGANO,LUGANO_CT_MRI_OTR_ASSESSMENT,18,LUGANO_CTMRI_OTR_ND_COMMENTS,5,overallAssessment.noDiseaseComments,N,Y
PRIMARY_LUGANO,LUGANO_CT_MRI_OTR_ASSESSMENT,18,LUGANO_CTMRI_OTR_ASSESSMENT_COMMENTS,6,overallAssessment.comments,N,Y
PRIMARY_LUGANO,LUGANO_ANATOMICAL_COVERAGE,20,LUGANO_CSAI_STATUS,0,anatomicalCoverage.status,N,Y
PRIMARY_LUGANO,LUGANO_ANATOMICAL_COVERAGE,20,LUGANO_CSAI_NOT_SEEN_QUESTION,1,anatomicalCoverage.anatomies[0].question,Y,Y
PRIMARY_LUGANO,LUGANO_ANATOMICAL_COVERAGE,20,LUGANO_CSAI_NOT_SEEN_VALUE,1,anatomicalCoverage.anatomies[0].value,Y,Y
PRIMARY_LUGANO,LUGANO_PET_ASESSMENT,21,LUGANO_FIVE_POINT_SCORE,0,fdgpetScoringAssessment.fivePointScaleAssessment,N,Y
PRIMARY_LUGANO,LUGANO_PET_ASESSMENT,21,LUGANO_FIVE_POINT_SCORE_SUBASSESSMENT,1,fdgpetScoringAssessment.fivePointScaleSubAssessment,N,Y
PRIMARY_LUGANO,LUGANO_PET_ASESSMENT,21,LUGANO_LESION_CONSISTENT_WITH_LYMPHOMA,2,fdgpetScoringAssessment.newLesionsConsistentWithLymphoma,N,Y
PRIMARY_LUGANO,LUGANO_PET_ASESSMENT,21,LUGANO_HOTTEST_LESION,3,fdgpetScoringAssessment.hottestLesionLocation,N,Y
PRIMARY_LUGANO,LUGANO_PET_ASESSMENT,21,LUGANO_HOTTEST_LESION_LOCATION,4,fdgpetScoringAssessment.hottestLesion.location,N,Y
PRIMARY_LUGANO,LUGANO_PET_ASESSMENT,21,LUGANO_BONEMARROW_ASSESSMENT,5,fdgpetScoringAssessment.boneMarrowAssessment,N,Y
PRIMARY_LUGANO,LUGANO_PET_ASESSMENT,21,LUGANO_BONEMARROW_ASSESSMENT_COMMENTS,6,fdgpetScoringAssessment.boneMarrowAssessmentComments,N,Y
PRIMARY_LUGANO,LUGANO_PET_ASESSMENT,21,LUGANO_HOTTEST_BONEMARROW_LOCATION,7,fdgpetScoringAssessment.hottestFocalUptakeInBoneMarrow.location,N,Y
PRIMARY_LUGANO,LUGANO_PET_ASESSMENT,21,LUGANO_HOTTEST_BONEMARROW_LOCATION_DESCRIPTION,8,fdgpetScoringAssessment.hottestFocalUptakeInBoneMarrow.locationDescription,N,Y
PRIMARY_LUGANO,LUGANO_PET_ASESSMENT,21,LUGANO_AREA_LYMPHOMA_UNRELATED,9,fdgpetScoringAssessment.areasOfUptakeNotRelatedToLymphoma,N,Y
PRIMARY_LUGANO,LUGANO_PET_ASESSMENT,21,LUGANO_AREA_LYMPHOMA_UNRELATED_LOCATION,10,fdgpetScoringAssessment.areasOfUptakeNotRelatedToLymphomaLocation.location,N,Y
PRIMARY_LUGANO,LUGANO_PET_ASESSMENT,21,LUGANO_AREA_LYMPHOMA_UNRELATED_LOCATION_DESCRIPTION,11,fdgpetScoringAssessment.areasOfUptakeNotRelatedToLymphomaLocation.locationDescription,N,Y
PRIMARY_LUGANO,LUGANO_OTR_ASSESSMENT,22,LUGANO_OVRLRESP,12,luganoOverallAssessment.value,N,Y
PRIMARY_LUGANO,LUGANO_OTR_ASSESSMENT,22,LUGANO_OTR_PD_REASONS,13,luganoOverallAssessment.reasonsForPD,N,Y
PRIMARY_LUGANO,LUGANO_OTR_ASSESSMENT,22,LUGANO_OTR_PD_COMMENTS,14,luganoOverallAssessment.pdComments,N,Y
PRIMARY_LUGANO,LUGANO_OTR_ASSESSMENT,22,LUGANO_OTR_NE_REASONS,15,luganoOverallAssessment.reasonsForUnknown,N,Y
PRIMARY_LUGANO,LUGANO_OTR_ASSESSMENT,22,LUGANO_OTR_NE_COMMENTS,16,luganoOverallAssessment.unknownComments,N,Y
PRIMARY_LUGANO,LUGANO_OTR_ASSESSMENT,22,LUGANO_OTR_ASSESSMENT_COMMENTS,17,luganoOverallAssessment.comments,N,Y
PRIMARY_LUGANO,LUGANO_OTR_ASSESSMENT_SOFT_EDIT_CHECKS,23,LUGANO_OTR_OVERRIDE_REASONS_QUESTION,0,luganoOverallAssessmentSoftEditCheckOverride.overrideReasons[0].question,Y,Y
PRIMARY_LUGANO,LUGANO_OTR_ASSESSMENT_SOFT_EDIT_CHECKS,23,LUGANO_OTR_OVERRIDE_REASONS_VALUE,0,luganoOverallAssessmentSoftEditCheckOverride.overrideReasons[0].value,Y,Y
PRIMARY_LUGANO,LUGANO_OTR_ASSESSMENT_SOFT_EDIT_CHECKS,23,LUGANO_OTR_OVERRIDE_COMMENTS,1,luganoOverallAssessmentSoftEditCheckOverride.comments,N,Y
PRIMARY_LUGANO,TIMEPOINT_COMMENTS,24,TIMEPOINT_COMMENTS,0,generalComments,N,Y
PRIMARY_RECIST11,IMAGE_QUALITY,0,IMAGE_QUALITY_ISSUES_FLAG,0,imageQualityAssessments.imageQualityAssessmentList[0].hasIssues,N,Y
PRIMARY_RECIST11,IMAGE_QUALITY,0,IMAGE_QUALITY_ISSUES_FLAG,0,imageQualityAssessments.imageQualityAssessmentList[0].hasIssues,N,Y
PRIMARY_RECIST11,IMAGE_QUALITY,0,IMAGE_QUALITY_ISSUES_QUESTION,1,imageQualityAssessments.imageQualityAssessmentList[0].issues[0].question,Y,Y
PRIMARY_RECIST11,IMAGE_QUALITY,0,IMAGE_QUALITY_ISSUES_VALUE,1,imageQualityAssessments.imageQualityAssessmentList[0].issues[0].value,Y,Y
PRIMARY_RECIST11,IMAGE_QUALITY,0,IMAGE_QUALITY_ISSUE_1_QUESTION,1,imageQualityAssessments.imageQualityAssessmentList[0].issues[0].question,Y,Y
PRIMARY_RECIST11,IMAGE_QUALITY,0,IMAGE_QUALITY_ISSUE_1_VALUE,1,imageQualityAssessments.imageQualityAssessmentList[0].issues[0].value,Y,Y
PRIMARY_RECIST11,IMAGE_QUALITY,0,IMAGE_QUALITY_COMMENTS,2,imageQualityAssessments.imageQualityAssessmentList[0].imageQualityComments,N,Y
PRIMARY_RECIST11,IMAGE_QUALITY,0,IMAGE_QUALITY_ISSUE_2_QUESTION,2,imageQualityAssessments.imageQualityAssessmentList[0].issues[0].question,Y,Y
PRIMARY_RECIST11,IMAGE_QUALITY,0,IMAGE_QUALITY_ISSUE_2_VALUE,2,imageQualityAssessments.imageQualityAssessmentList[0].issues[0].value,Y,Y
PRIMARY_RECIST11,IMAGE_QUALITY,0,IMAGE_QUALITY_ISSUE_3_QUESTION,3,imageQualityAssessments.imageQualityAssessmentList[0].issues[0].question,Y,Y
PRIMARY_RECIST11,IMAGE_QUALITY,0,IMAGE_QUALITY_ISSUE_3_VALUE,3,imageQualityAssessments.imageQualityAssessmentList[0].issues[0].value,Y,Y
PRIMARY_RECIST11,IMAGE_QUALITY,0,IMAGE_QUALITY_ISSUE_4_QUESTION,4,imageQualityAssessments.imageQualityAssessmentList[0].issues[0].question,Y,Y
PRIMARY_RECIST11,IMAGE_QUALITY,0,IMAGE_QUALITY_ISSUE_4_VALUE,4,imageQualityAssessments.imageQualityAssessmentList[0].issues[0].value,Y,Y
PRIMARY_RECIST11,IMAGE_QUALITY,0,IMAGE_QUALITY_ISSUE_5_QUESTION,5,imageQualityAssessments.imageQualityAssessmentList[0].issues[0].question,Y,Y
PRIMARY_RECIST11,IMAGE_QUALITY,0,IMAGE_QUALITY_ISSUE_5_VALUE,5,imageQualityAssessments.imageQualityAssessmentList[0].issues[0].value,Y,Y
PRIMARY_RECIST11,IMAGE_QUALITY,0,IMAGE_QUALITY_ISSUE_6_QUESTION,6,imageQualityAssessments.imageQualityAssessmentList[0].issues[0].question,Y,Y
PRIMARY_RECIST11,IMAGE_QUALITY,0,IMAGE_QUALITY_ISSUE_6_VALUE,6,imageQualityAssessments.imageQualityAssessmentList[0].issues[0].value,Y,Y
PRIMARY_RECIST11,IMAGE_QUALITY,0,IMAGE_QUALITY_ISSUE_COMMENTS,7,imageQualityAssessments.imageQualityAssessmentList[0].imageQualityComments,N,Y
PRIMARY_RECIST11,RECIST11_NON_NODAL_TARGET_LESIONS,1,LESION_ID,0,measuredNonNodalLesions[1].name,N,Y
PRIMARY_RECIST11,RECIST11_NON_NODAL_TARGET_LESIONS,1,LDIAM,1,measuredNonNodalLesions[1].overlay.length,N,Y
PRIMARY_RECIST11,RECIST11_NON_NODAL_TARGET_LESIONS,1,MEASUREMENT_UNITS,2,measuredNonNodalLesions[1].overlay.units,N,Y
PRIMARY_RECIST11,RECIST11_NON_NODAL_TARGET_LESIONS,1,OVERLAY_IMAGE_RECID,3,measuredNonNodalLesions[1].overlay.imageRecID,N,Y
PRIMARY_RECIST11,RECIST11_NON_NODAL_TARGET_LESIONS,1,OVERLAY_IMAGE_SERIES,4,measuredNonNodalLesions[1].overlay.imageTitle,N,Y
PRIMARY_RECIST11,RECIST11_NON_NODAL_TARGET_LESIONS,1,OVERLAY_IMAGE_SLICE_NO,5,measuredNonNodalLesions[1].overlay.sliceNumber,N,Y
PRIMARY_RECIST11,RECIST11_NON_NODAL_TARGET_LESIONS,1,LESION_LOCATION,6,measuredNonNodalLesions[1].location,N,Y
PRIMARY_RECIST11,RECIST11_NON_NODAL_TARGET_LESIONS,1,LESION_LOCATION_DESCRIPTION,7,measuredNonNodalLesions[1].locationDescription,N,Y
PRIMARY_RECIST11,RECIST11_NON_NODAL_TARGET_LESIONS,1,REASON_NOT_MEASURED,8,measuredNonNodalLesions[1].reasonNoOverlay,N,Y
PRIMARY_RECIST11,RECIST11_NON_NODAL_TARGET_LESIONS,1,CORRESPONDING_IMAGE_RECID,9,measuredNonNodalLesions[1].imageRecId,N,Y
PRIMARY_RECIST11,RECIST11_NON_NODAL_TARGET_LESIONS,1,CORRESPONDING_IMAGE_SERIES,10,measuredNonNodalLesions[1].imageName,N,Y
PRIMARY_RECIST11,RECIST11_NON_NODAL_TARGET_LESIONS,1,REASON_NOT_EVALUABLE_QUESTION,11,measuredNonNodalLesions[1].lesionReasonNotEvaluableIssues[0].question,Y,Y
PRIMARY_RECIST11,RECIST11_NON_NODAL_TARGET_LESIONS,1,REASON_NOT_EVALUABLE_VALUE,11,measuredNonNodalLesions[1].lesionReasonNotEvaluableIssues[0].value,Y,Y
PRIMARY_RECIST11,RECIST11_NON_NODAL_TARGET_LESIONS,1,REASON_NOT_EVALUABLE_COMMENT,12,measuredNonNodalLesions[1].unknownComments,N,Y
PRIMARY_RECIST11,RECIST11_NON_NODAL_TARGET_LESIONS,1,LESION_COMMENTS,13,measuredNonNodalLesions[1].comments,N,Y
PRIMARY_RECIST11,RECIST11_NODAL_TARGET_LESIONS,2,LESION_ID,0,measuredNodalLesions[2].name,N,Y
PRIMARY_RECIST11,RECIST11_NODAL_TARGET_LESIONS,2,LPERP,1,measuredNodalLesions[2].overlay.orthogonalLength,N,Y
PRIMARY_RECIST11,RECIST11_NODAL_TARGET_LESIONS,2,MEASUREMENT_UNITS,2,measuredNodalLesions[2].overlay.units,N,Y
PRIMARY_RECIST11,RECIST11_NODAL_TARGET_LESIONS,2,OVERLAY_IMAGE_RECID,3,measuredNodalLesions[2].overlay.imageRecID,N,Y
PRIMARY_RECIST11,RECIST11_NODAL_TARGET_LESIONS,2,OVERLAY_IMAGE_SERIES,4,measuredNodalLesions[2].overlay.imageTitle,N,Y
PRIMARY_RECIST11,RECIST11_NODAL_TARGET_LESIONS,2,OVERLAY_IMAGE_SLICE_NO,5,measuredNodalLesions[2].overlay.sliceNumber,N,Y
PRIMARY_RECIST11,RECIST11_NODAL_TARGET_LESIONS,2,LESION_LOCATION,6,measuredNodalLesions[2].location,N,Y
PRIMARY_RECIST11,RECIST11_NODAL_TARGET_LESIONS,2,LESION_LOCATION_DESCRIPTION,7,measuredNodalLesions[2].locationDescription,N,Y
PRIMARY_RECIST11,RECIST11_NODAL_TARGET_LESIONS,2,REASON_NOT_MEASURED,8,measuredNodalLesions[2].reasonNoOverlay,N,Y
PRIMARY_RECIST11,RECIST11_NODAL_TARGET_LESIONS,2,CORRESPONDING_IMAGE_RECID,9,measuredNodalLesions[2].imageRecID,N,Y
PRIMARY_RECIST11,RECIST11_NODAL_TARGET_LESIONS,2,CORRESPONDING_IMAGE_SERIES,10,measuredNodalLesions[2].imageName,N,Y
PRIMARY_RECIST11,RECIST11_NODAL_TARGET_LESIONS,2,REASON_NOT_EVALUABLE_QUESTION,11,measuredNodalLesions[2].lesionReasonNotEvaluableIssues[0].question,Y,Y
PRIMARY_RECIST11,RECIST11_NODAL_TARGET_LESIONS,2,REASON_NOT_EVALUABLE_VALUE,11,measuredNodalLesions[2].lesionReasonNotEvaluableIssues[0].value,Y,Y
PRIMARY_RECIST11,RECIST11_NODAL_TARGET_LESIONS,2,REASON_NOT_EVALUABLE_COMMENT,12,measuredNodalLesions[2].unknownComments,N,Y
PRIMARY_RECIST11,RECIST11_NODAL_TARGET_LESIONS,2,LESION_COMMENTS,13,measuredNodalLesions[2].comments,N,Y
PRIMARY_RECIST11,RECIST11_LESION_CALCULATIONS,3,SUMDIAM,0,calculations.sum,N,Y
PRIMARY_RECIST11,RECIST11_LESION_CALCULATIONS,3,SUMNLNLD,1,calculations.sumNonNodalDiameters,N,Y
PRIMARY_RECIST11,RECIST11_LESION_CALCULATIONS,3,ACBSD,2,calculations.actualChangeFromBaseline,N,Y
PRIMARY_RECIST11,RECIST11_LESION_CALCULATIONS,3,PCBSD,3,calculations.percentageChangeFromBaseline,N,Y
PRIMARY_RECIST11,RECIST11_LESION_CALCULATIONS,3,ACNSD,4,calculations.actualChangeFromNadir,N,Y
PRIMARY_RECIST11,RECIST11_LESION_CALCULATIONS,3,PCNSD,5,calculations.percentageChangeFromNadir,N,Y
PRIMARY_RECIST11,RECIST11_LESION_CALCULATIONS,3,NADIR_TIMEPOINT,6,calculations.timepointUsedForNadir,N,Y
PRIMARY_RECIST11,RECIST11_TARGET_ASSESSMENTS,4,TRGRESP,0,overallMeasuredLesionAssessment.value,N,Y
PRIMARY_RECIST11,RECIST11_TARGET_ASSESSMENTS,4,TARGET_NE_COMMENTS,1,overallMeasuredLesionAssessment.unknownComments,N,Y
PRIMARY_RECIST11,RECIST11_TARGET_ASSESSMENTS,4,TARGET_ASSESSMENT_COMMENTS,2,overallMeasuredLesionAssessment.comments,N,Y
PRIMARY_RECIST11,RECIST11_NON_TARGET_LESIONS,6,LESION_ID,0,nonMeasuredLesions[6].name,N,Y
PRIMARY_RECIST11,RECIST11_NON_TARGET_LESIONS,6,OVERLAY_IMAGE_RECID,1,nonMeasuredLesions[6].overlay.imageRecID,N,Y
PRIMARY_RECIST11,RECIST11_NON_TARGET_LESIONS,6,OVERLAY_IMAGE_SERIES,2,nonMeasuredLesions[6].overlay.imageTitle,N,Y
PRIMARY_RECIST11,RECIST11_NON_TARGET_LESIONS,6,OVERLAY_IMAGE_SLICE_NO,3,nonMeasuredLesions[6].overlay.sliceNumber,N,Y
PRIMARY_RECIST11,RECIST11_NON_TARGET_LESIONS,6,LESION_LOCATION,4,nonMeasuredLesions[6].location,N,Y
PRIMARY_RECIST11,RECIST11_NON_TARGET_LESIONS,6,LESION_LOCATION_DESCRIPTION,5,nonMeasuredLesions[6].locationDescription,N,Y
PRIMARY_RECIST11,RECIST11_NON_TARGET_LESIONS,6,LESION_ASSESSMENT,6,nonMeasuredLesions[6].assessment,N,Y
PRIMARY_RECIST11,RECIST11_NON_TARGET_LESIONS,6,CORRESPONDING_IMAGE_RECID,7,nonMeasuredLesions[6].imageRecId,N,Y
PRIMARY_RECIST11,RECIST11_NON_TARGET_LESIONS,6,CORRESPONDING_IMAGE_SERIES,8,nonMeasuredLesions[6].imageName,N,Y
PRIMARY_RECIST11,RECIST11_NON_TARGET_LESIONS,6,REASON_NOT_EVALUABLE_QUESTION,9,nonMeasuredLesions[6].lesionReasonNotEvaluableIssues[0].question,Y,Y
PRIMARY_RECIST11,RECIST11_NON_TARGET_LESIONS,6,REASON_NOT_EVALUABLE_VALUE,9,nonMeasuredLesions[6].lesionReasonNotEvaluableIssues[0].value,Y,Y
PRIMARY_RECIST11,RECIST11_NON_TARGET_LESIONS,6,REASON_NOT_EVALUABLE_COMMENT,10,nonMeasuredLesions[6].unknownComments,N,Y
PRIMARY_RECIST11,RECIST11_NON_TARGET_LESIONS,6,LESION_COMMENTS,11,nonMeasuredLesions[6].comments,N,Y
PRIMARY_RECIST11,RECIST11_NON_TARGET_ASSESSMENT_SOFT_EDIT_CHECKS,8,NT_OVERRIDE_REASONS_QUESTION,0,overallNonMeasuredAssessmentSoftEditCheckOverride.overrideReasons[0].question,Y,Y
PRIMARY_RECIST11,RECIST11_NON_TARGET_ASSESSMENT_SOFT_EDIT_CHECKS,8,NT_OVERRIDE_REASONS_VALUE,0,overallNonMeasuredAssessmentSoftEditCheckOverride.overrideReasons[0].value,Y,Y
PRIMARY_RECIST11,RECIST11_NON_TARGET_ASSESSMENT_SOFT_EDIT_CHECKS,8,NT_OVERRIDE_COMMENTS,1,overallNonMeasuredAssessmentSoftEditCheckOverride.comments,N,Y
PRIMARY_RECIST11,RECIST11_PREVNEW_EQUIVOCAL_LESIONS,9,LESION_ID,0,previousNewEquivocalLesions[9].name,N,Y
PRIMARY_RECIST11,RECIST11_PREVNEW_EQUIVOCAL_LESIONS,9,FIRST_TP_NAME,1,previousNewEquivocalLesions[9].firstMeasuredTimepoint.blindedName,N,Y
PRIMARY_RECIST11,RECIST11_PREVNEW_EQUIVOCAL_LESIONS,9,LESION_LOCATION,2,previousNewEquivocalLesions[9].location,N,Y
PRIMARY_RECIST11,RECIST11_PREVNEW_EQUIVOCAL_LESIONS,9,LESION_LOCATION_DESCRIPTION,3,previousNewEquivocalLesions[9].locationDescription,N,Y
PRIMARY_RECIST11,RECIST11_PREVNEW_EQUIVOCAL_LESIONS,9,OVERLAY_IMAGE_RECID,4,previousNewEquivocalLesions[9].overlay.imageRecID,N,Y
PRIMARY_RECIST11,RECIST11_PREVNEW_EQUIVOCAL_LESIONS,9,OVERLAY_IMAGE_SERIES,5,previousNewEquivocalLesions[9].overlay.imageTitle,N,Y
PRIMARY_RECIST11,RECIST11_PREVNEW_EQUIVOCAL_LESIONS,9,OVERLAY_IMAGE_SLICE_NO,6,previousNewEquivocalLesions[9].overlay.sliceNumber,N,Y
PRIMARY_RECIST11,RECIST11_PREVNEW_EQUIVOCAL_LESIONS,9,LESION_ASSESSMENT,7,previousNewEquivocalLesions[9].assessment,N,Y
PRIMARY_RECIST11,RECIST11_PREVNEW_EQUIVOCAL_LESIONS,9,CORRESPONDING_IMAGE_RECID,8,previousNewEquivocalLesions[9].imageRecId,N,Y
PRIMARY_RECIST11,RECIST11_PREVNEW_EQUIVOCAL_LESIONS,9,CORRESPONDING_IMAGE_SERIES,9,previousNewEquivocalLesions[9].imageName,N,Y
PRIMARY_RECIST11,RECIST11_PREVNEW_EQUIVOCAL_LESIONS,9,REASON_NOT_EVALUABLE_QUESTION,10,previousNewEquivocalLesions[9].lesionReasonNotEvaluableIssues[0].question,Y,Y
PRIMARY_RECIST11,RECIST11_PREVNEW_EQUIVOCAL_LESIONS,9,REASON_NOT_EVALUABLE_VALUE,10,previousNewEquivocalLesions[9].lesionReasonNotEvaluableIssues[0].value,Y,Y
PRIMARY_RECIST11,RECIST11_PREVNEW_EQUIVOCAL_LESIONS,9,REASON_NOT_EVALUABLE_COMMENT,11,previousNewEquivocalLesions[9].unknownComments,N,Y
PRIMARY_RECIST11,RECIST11_PREVNEW_EQUIVOCAL_LESIONS,9,LESION_COMMENTS,12,previousNewEquivocalLesions[9].comments,N,Y
PRIMARY_RECIST11,RECIST11_NEW_EQUIVOCAL_LESIONS,10,LESION_ID,0,newEquivocalLesions[10].name,N,Y
PRIMARY_RECIST11,RECIST11_NEW_EQUIVOCAL_LESIONS,10,OVERLAY_IMAGE_RECID,1,newEquivocalLesions[10].overlay.imageRecID,N,Y
PRIMARY_RECIST11,RECIST11_NEW_EQUIVOCAL_LESIONS,10,OVERLAY_IMAGE_SERIES,2,newEquivocalLesions[10].overlay.imageTitle,N,Y
PRIMARY_RECIST11,RECIST11_NEW_EQUIVOCAL_LESIONS,10,OVERLAY_IMAGE_SLICE_NO,3,newEquivocalLesions[10].overlay.sliceNumber,N,Y
PRIMARY_RECIST11,RECIST11_NEW_EQUIVOCAL_LESIONS,10,LESION_LOCATION,4,newEquivocalLesions[10].location,N,Y
PRIMARY_RECIST11,RECIST11_NEW_EQUIVOCAL_LESIONS,10,LESION_LOCATION_DESCRIPTION,5,newEquivocalLesions[10].locationDescription,N,Y
PRIMARY_RECIST11,RECIST11_NEW_EQUIVOCAL_LESIONS,10,LESION_COMMENTS,6,newEquivocalLesions[10].comments,N,Y
PRIMARY_RECIST11,RECIST11_PREVNEW_UNEQUIVOCAL_LESIONS,11,LESION_ID,0,previousNewUnequivocalLesions[11].name,N,Y
PRIMARY_RECIST11,RECIST11_PREVNEW_UNEQUIVOCAL_LESIONS,11,FIRST_TP_NAME,1,previousNewUnequivocalLesions[11].firstMeasuredTimepoint.blindedName,N,Y
PRIMARY_RECIST11,RECIST11_PREVNEW_UNEQUIVOCAL_LESIONS,11,OVERLAY_IMAGE_RECID,2,previousNewUnequivocalLesions[11].overlay.imageRecID,N,Y
PRIMARY_RECIST11,RECIST11_PREVNEW_UNEQUIVOCAL_LESIONS,11,OVERLAY_IMAGE_SERIES,3,previousNewUnequivocalLesions[11].overlay.imageTitle,N,Y
PRIMARY_RECIST11,RECIST11_PREVNEW_UNEQUIVOCAL_LESIONS,11,OVERLAY_IMAGE_SLICE_NO,4,previousNewUnequivocalLesions[11].overlay.sliceNumber,N,Y
PRIMARY_RECIST11,RECIST11_PREVNEW_UNEQUIVOCAL_LESIONS,11,LESION_LOCATION,5,previousNewUnequivocalLesions[11].location,N,Y
PRIMARY_RECIST11,RECIST11_PREVNEW_UNEQUIVOCAL_LESIONS,11,LESION_LOCATION_DESCRIPTION,6,previousNewUnequivocalLesions[11].locationDescription,N,Y
PRIMARY_RECIST11,RECIST11_PREVNEW_UNEQUIVOCAL_LESIONS,11,LESION_ASSESSMENT,7,previousNewUnequivocalLesions[11].assessment,N,Y
PRIMARY_RECIST11,RECIST11_PREVNEW_UNEQUIVOCAL_LESIONS,11,CORRESPONDING_IMAGE_RECID,8,previousNewUnequivocalLesions[11].imageRecId,N,Y
PRIMARY_RECIST11,RECIST11_PREVNEW_UNEQUIVOCAL_LESIONS,11,CORRESPONDING_IMAGE_SERIES,9,previousNewUnequivocalLesions[11].imageName,N,Y
PRIMARY_RECIST11,RECIST11_PREVNEW_UNEQUIVOCAL_LESIONS,11,REASON_NOT_EVALUABLE_QUESTION,10,previousNewUnequivocalLesions[11].lesionReasonNotEvaluableIssues[0].question,Y,Y
PRIMARY_RECIST11,RECIST11_PREVNEW_UNEQUIVOCAL_LESIONS,11,REASON_NOT_EVALUABLE_VALUE,10,previousNewUnequivocalLesions[11].lesionReasonNotEvaluableIssues[0].value,Y,Y
PRIMARY_RECIST11,RECIST11_PREVNEW_UNEQUIVOCAL_LESIONS,11,REASON_NOT_EVALUABLE_COMMENT,11,previousNewUnequivocalLesions[11].unknownComments,N,Y
PRIMARY_RECIST11,RECIST11_PREVNEW_UNEQUIVOCAL_LESIONS,11,LESION_COMMENTS,12,previousNewUnequivocalLesions[11].comments,N,Y
PRIMARY_RECIST11,RECIST11_NEW_UNEQUIVOCAL_LESIONS,12,LESION_ID,0,newUnequivocalLesions[12].name,N,Y
PRIMARY_RECIST11,RECIST11_NEW_UNEQUIVOCAL_LESIONS,12,OVERLAY_IMAGE_RECID,1,newUnequivocalLesions[12].overlay.imageRecID,N,Y
PRIMARY_RECIST11,RECIST11_NEW_UNEQUIVOCAL_LESIONS,12,OVERLAY_IMAGE_SERIES,2,newUnequivocalLesions[12].overlay.imageTitle,N,Y
PRIMARY_RECIST11,RECIST11_NEW_UNEQUIVOCAL_LESIONS,12,OVERLAY_IMAGE_SLICE_NO,3,newUnequivocalLesions[12].overlay.sliceNumber,N,Y
PRIMARY_RECIST11,RECIST11_NEW_UNEQUIVOCAL_LESIONS,12,LESION_LOCATION,4,newUnequivocalLesions[12].location,N,Y
PRIMARY_RECIST11,RECIST11_NEW_UNEQUIVOCAL_LESIONS,12,LESION_LOCATION_DESCRIPTION,5,newUnequivocalLesions[12].locationDescription,N,Y
PRIMARY_RECIST11,RECIST11_NEW_UNEQUIVOCAL_LESIONS,12,LESION_COMMENTS,6,newUnequivocalLesions[12].comments,N,Y
PRIMARY_RECIST11,FDG_PET,13,PET_RESPONSE,0,petAssessment.value,N,Y
PRIMARY_RECIST11,FDG_PET,13,PET_ASSESSMENT_COMMENTS,1,petAssessment.comments,N,Y
PRIMARY_RECIST11,RECIST11_OVERALL_ASSESSMENTS,14,OVRLRESP,0,overallAssessment.value,N,Y
PRIMARY_RECIST11,RECIST11_OVERALL_ASSESSMENTS,14,OVL_PD_REASONS_QUESTION,1,overallAssessment.reasonsForPD[0].question,Y,Y
PRIMARY_RECIST11,RECIST11_OVERALL_ASSESSMENTS,14,OVL_PD_REASONS_VALUE,1,overallAssessment.reasonsForPD[0].value,Y,Y
PRIMARY_RECIST11,RECIST11_OVERALL_ASSESSMENTS,14,OVL_PD_COMMENTS,2,overallAssessment.pdComments,N,Y
PRIMARY_RECIST11,RECIST11_OVERALL_ASSESSMENTS,14,OVL_NE_REASONS_QUESTION,3,overallAssessment.reasonsForUnknown[0].question,Y,Y
PRIMARY_RECIST11,RECIST11_OVERALL_ASSESSMENTS,14,OVL_NE_REASONS_VALUE,3,overallAssessment.reasonsForUnknown[0].value,Y,Y
PRIMARY_RECIST11,RECIST11_OVERALL_ASSESSMENTS,14,OVL_NE_COMMENTS,4,overallAssessment.unknownComments,N,Y
PRIMARY_RECIST11,RECIST11_OVERALL_ASSESSMENTS,14,OVL_ND_COMMENTS,5,overallAssessment.noDiseaseComments,N,Y
PRIMARY_RECIST11,RECIST11_OVERALL_ASSESSMENTS,14,OVL_ASSESSMENT_COMMENTS,6,overallAssessment.comments,N,Y
PRIMARY_RECIST11,RECIST11_OVERALL_ASSESSMENTS_SOFT_EDIT_CHECKS,15,OVL_OVERRIDE_REASONS,0,overallAssessmentSoftEditCheckOverride.overrideReasons,N,Y
PRIMARY_RECIST11,RECIST11_OVERALL_ASSESSMENTS_SOFT_EDIT_CHECKS,15,OVL_OVERRIDE_COMMENTS,1,overallAssessmentSoftEditCheckOverride.comments,N,Y
PRIMARY_RECIST11,RECIST11_BASELINE_DISEASE_STATUS,16,NO_BASELINE_DISESE_FLAG,0,baselineDiseaseStatus,N,Y
PRIMARY_RECIST11,TIMEPOINT_COMMENTS,17,TIMEPOINT_COMMENTS,0,generalComments,N,Y
